source_name,title,author,description,publishedAt,content,text,ID,Title,Source,Author,Published Date,Word Count,Category,Nutrition,Pharmacology,Mental Health,Total,raw_text,processed_text,published_date,image_url,published_year
Science Daily,Scientists discover diet that tricks the body into burning fat without exercise,,Researchers found that cutting two amino acids common in animal protein—methionine and cysteine—made mice burn significantly more energy. The boost in heat production was nearly as powerful as constant exposure to cold temperatures. The mice didn’t eat less o…,2026-02-27 18:05:43+00:00,"Shivering in the cold is uncomfortable, but it does force the body to burn extra calories to stay warm. Research has consistently shown that cold exposure increases energy use in both mice and humans… [+3649 chars]",,,,,,,,,,,,,,,,,2026
Naturalnews.com,Nature’s powerhouses: The top 8 healthiest berries and their remarkable benefits,Belle Carter,"Berries are rich in vitamin C, fiber and polyphenols, which combat oxidative stress, inflammation and chronic diseases like heart disease and diabetes. Blueberries enhance neuroplasticity (brain adaptability) and memory. Açaí berries reduce neurotoxic compoun…",2026-03-12 06:00:00+00:00,"<ul><li>Berries are rich in vitamin C, fiber and polyphenols, which combat oxidative stress, inflammation and chronic diseases like heart disease and diabetes.</li><li>Blueberries enhance neuroplasti… [+5780 chars]",,,,,,,,,,,,,,,,,2026
Eatingwell.com,"6 Things You Should Do After 5 P.M. to Support Healthy Aging, According to Experts",Cheyenne Buckingham,Aging is a privilege—support your health in later years with these expert-backed tips.,2026-03-13 21:30:00+00:00,"Reviewed by Dietitian Sarah Pflugradt, Ph.D., RDN, CSCS
Credit: Getty Images. EatingWell design.
Key Points
<ul><li>Developing healthy habits after 5 p.m. can help you sleep better and benefit the… [+6975 chars]",,,,,,,,,,,,,,,,,2026
N-tv.de,"""Thema hat sich nicht erledigt"": Günther will Zuckersteuer über Bundesrat durchsetzen",n-tv NACHRICHTEN,Schleswig-Holsteins Ministerpräsident Günther will eine Zuckersteuer einführen - und kassiert auf dem CDU-Parteitag eine Schlappe. Gegner befürchten eine Belastung der Wirtschaft. Laut Günther könnten dadurch aber Kosten im Gesundheitswesen sinken. Wie hoch d…,2026-02-23 07:28:11+00:00,"Der Vorschlag sieht eine Verbrauchssteuer auf Getränke mit hohem Zuckeranteil vor. (Foto: picture alliance / imageBROKER)
Schleswig-Holsteins Ministerpräsident Günther will eine Zuckersteuer einführ… [+2289 chars]",,,,,,,,,,,,,,,,,2026
Lifesciencesworld.com,Can you reverse dog diabetes?,Ava Reynolds,"Can You Reverse Dog Diabetes? A Comprehensive Guide While a complete reversal of dog diabetes is rare, proactive management and specific interventions can often lead to diabetic remission, meaning the dog no longer requires insulin injections to maintain heal…",2026-03-13 05:17:32+00:00,"Can You Reverse Dog Diabetes? A Comprehensive Guide
While a completereversal of dog diabetes is rare, proactive management and specific interventions can often lead to diabetic remission, meaning th… [+10861 chars]",,,,,,,,,,,,,,,,,2026
Scientific American,Why there is a distressing rise in kidney disease,"Now Medical Studios, Jen Christiansen","Chronic kidney disease has a variety of causes, ranging from immune system problems to medication side effects",2026-03-17 10:00:00+00:00,"This article is part of “Innovations In: Kidney Disease,” an editorially independent special report that was produced with financial support from Vertex.
The global burden of chronic kidney disease … [+3464 chars]",,,,,,,,,,,,,,,,,2026
CHIP Online Deutschland,Olivenöl-Zitronen-Shot: Neues Wundermittel für Ihre Gesundheit?,Lourdes Wiesner,Die Mischung aus Olivenöl und Zitrone klingt zwar nicht besonders appetitlich. Viele Menschen schwören jedoch zurzeit darauf. Doch was steckt wirklich hinter dem Hype?,2026-02-28 05:35:00+00:00,"Diverse Influencer setzen auf den Olivenöl-Zitronen-Shot, besonders morgens auf nüchternen Magen oder vor dem Zubettgehen. Er verspricht laut web.de eine strahlende Haut sowie eine bessere Verdauung.… [+1945 chars]",,,,,,,,,,,,,,,,,2026
Gizmodo.com,Dormir más no siempre ayuda: el dato clave sobre el sueño y el riesgo de diabetes que revela la ciencia,Lucas Handley,"Un nuevo estudio con miles de adultos revela una cifra clave que podría influir directamente en el riesgo de desarrollar diabetes tipo 2. Pero lo más sorprendente no es solo cuánto dormir, sino cómo cambian los efectos cuando se altera el descanso los fines d…",2026-03-04 22:53:14+00:00,"Dormir bien siempre se asoció con la salud, pero ahora la ciencia empieza a precisar cuánto es bien y cuándo puede volverse un problema. Una investigación reciente analizó miles de casos y encontró p… [+4649 chars]",,,,,,,,,,,,,,,,,2026
tagesschau.de,Was eine Zuckersteuer wirklich bringen würde,"Doris Tromballa, BR","Die Deutschen essen zu viel Zucker, deswegen wird auch hier über die Einführung einer Zuckersteuer diskutiert. Die ist laut einer Studie aber nur unter bestimmten Voraussetzungen wirksam. Von Doris Tromballa.",2026-02-18 12:12:11+00:00,"Stand: 18.02.2026 13:12 Uhr
Die Deutschen essen zu viel Zucker, deswegen wird auch hier über die Einführung einer Zuckersteuer diskutiert. Die ist laut einer Studie aber nur unter bestimmten Vorauss… [+6131 chars]",,,,,,,,,,,,,,,,,2026
CNET,8 Hidden Health Benefits of Green Tea,Mandy Sleight,Switching that cup of coffee to a mug of green tea can provide your body with multiple benefits.,2026-03-08 12:45:00+00:00,"If you simply want to cut back on coffee or find yourself approaching the 400-milligram daily recommendation for most adults, green tea is a great alternative, containing at least three times less ca… [+12500 chars]",,,,,,,,,,,,,,,,,2026
Nature.com,Adults with type 1 diabetes define what matters to them in stem-cell derived islet cell therapy,"Jane Speight, Sufyan Hussain, Ananthi Anandhakrishnan, Thomas Danne, Esther Latres, Stephen R. Karpen, Linxi Mytkolli, Renza Scibilia, Uffe Soeholm, Peter A. Senior, Dawn Adams, Hilda Ahnstedt, Anastasia Albanese-O’Neill, Ekaterina Berishvili, Bryan Cleal, Debbie Cooke, Sanjoy Dutta, Dominic Ehrmann, Shareen Forbes, Kathleen Gibson, Brianna Greeno, Simon R. Heller, Carmen Hurtado del Pozo, Stephen Jefferson, Cameron Keighron, Julianne Lally, Marjana Marinac, Heather McLeod, Dominic Nutt, Lorenzo Piemonti, Mary Anna Pokerznik, Chanel Press, Meaghan Read, Maartje de Wit, Michael Vallis",Stem-cell-derived islet cells could transform type 1 diabetes by removing the need for injected or infused insulin and improving quality of life. But evaluation of these therapies must center on the voices of people living with type 1 diabetes and examine mea…,2026-02-18 00:00:00+00:00,"<li>School of Psychology | Institute for Health Transformation, Deakin University, Geelong, Victoria, Australia
Jane Speight &amp; Uffe Soeholm
</li><li>The Australian Centre for Behavioural Resear… [+2950 chars]",,,,,,,,,,,,,,,,,2026
Naturalnews.com,A tangy brew for metabolic health: Kombucha shows promise in blood sugar management,Willow Tohi,A pilot clinical trial found kombucha significantly lowered fasting blood glucose in adults with Type 2 diabetes. Kombucha may aid blood sugar control by slowing carbohydrate absorption and improving insulin sensitivity. The beverage’s probiotic properties su…,2026-02-19 06:00:00+00:00,<ul><li>A pilot clinical trial found kombucha significantly lowered fasting blood glucose in adults with Type 2 diabetes.</li><li>Kombucha may aid blood sugar control by slowing carbohydrate absorpti… [+4753 chars],,,,,,,,,,,,,,,,,2026
Scientific American,Heart disease in young women projected to rise sharply by 2050,Lauren J. Young,A new projection study estimates that nearly a third of women aged 22 to 44 will have been diagnosed with a cardiovascular disease by 2050,2026-02-25 16:45:00+00:00,Heart disease is the top cause of death for women in the U.S.; it kills more of them than all forms of cancer combined. But the unique signs and symptoms of heart disease in women are more likely go … [+5658 chars],,,,,,,,,,,,,,,,,2026
Scientific American,Why the FDA is cracking down on compound GLP-1 drugs for weight loss,Lauren J. Young,The recent withdrawal of Hims & Hers’ GLP-1 pill raises questions about the safety and effectiveness of compounded medications,2026-02-18 13:00:00+00:00,"People who order low-cost versions of the wildly popular weight-loss drugs Wegovy and Zepbound from so-called compounding pharmacies might soon see disruptions in their medication.
The U.S. Food and… [+8695 chars]",,,,,,,,,,,,,,,,,2026
The New Republic,Americans Are Dying Early. There’s a Way to Fix It.,Michelle Williams,"Last month, headlines announced that U.S. life expectancy has finally recovered from the pandemic. A new report from the National Center for Health Statistics showed national life expectancy at a record high, and this news has been greeted with cautious optim…",2026-02-24 11:00:00+00:00,"How did we get here? This crisis began more than forty years ago, when our peer countries recovered from World War II and began surpassing us in building social safety nets, providing universal healt… [+1522 chars]",,,,,,,,,,,,,,,,,2026
Delish.com,Is It Healthy To Eat A Banana Every Day? Here's What Experts Say,"Allison Arnold, Amanda Mactas","Nutritionists explain whether eating a banana every day is healthy, including the benefits, possible downsides, and who may want to be cautious.",2026-03-12 18:06:00+00:00,"<ul><li>Eating one banana a day is generally safe for most healthy people and can be a helpful way to get in more fruit.
</li><li>Bananas offer potassium, fiber, vitamin C, and resistant starch, whi… [+3675 chars]",,,,,,,,,,,,,,,,,2026
Die Zeit,Lebenslange Nutzung nötig?: Kilos kommen nach Absetzen von Abnehmspritzen schnell wieder,DIE ZEIT: News -,Hier finden Sie Informationen zu dem Thema „Lebenslange Nutzung nötig?“. Lesen Sie jetzt „Kilos kommen nach Absetzen von Abnehmspritzen schnell wieder“.,2026-03-05 02:30:09+00:00,Nach dem Absetzen von Abnehmspritzen nehmen Patienten schnell wieder zu bewahren aber einer Studie zufolge womöglich etwa ein Viertel des Gewichtsverlusts längerfristig. Ein Jahr nach Therapiestopp s… [+3355 chars],,,,,,,,,,,,,,,,,2026
Nature.com,Genetic regulation across germline and somatic variation on the Y chromosome contributes to type 2 diabetes,"Go Sato, Yuji Yamamoto, Kyuto Sonehara, Ryunosuke Saiki, Takafumi Ojima, Masahiro Kanai, Aoxing Liu, Ryuya Edahiro, Yuya Shirai, Shinichi Namba, Ho Namkoong, Takanori Hasaegawa, Yuriko N. Koyanagi, Yumiko Kasugai, Taiki Yamaji, Shiori Nakano, Giulio Genovese, Timo P. Sipilä, Awaisa Ghazal, Hiromu Tanaka, Shuhei Azekawa, Yoshifumi Uwamino, Kenichi Yamamoto, Ken Suzuki, Tsuyoshi Hata, Mamoru Uemura, Yoshito Takeda, Akinori Kanai, Shinichi Higashiue, Shuzo Kobayashi, Hisaaki Afuso, Kosho Matsuura, Yojiro Mitsumoto, Yasuhiko Fujita, Yoshiya Oda, Yutaka Suzuki, Takayuki Morisaki, Makoto Ishii, Yuko Kitagawa, Ryuji Koike, Akinori Kimura, Seiya Imoto, Satoru Miyano, Takanori Kanai, Jun Takayama, Motoki Iwasaki, Norie Sawada, Koichi Fukunaga, Keitaro Matsuo, Atsushi Kumanogoh, Yuichiro Doki, Hidetoshi Eguchi, Shigeki Nakagome, Gen Tamiya, Andrea Ganna, Aarno Palotie, Mark J. Daly, James F. Wilson, Masayuki Yamamoto, Koichi Matsuda, Seishi Ogawa, Toshimasa Yamauchi, Takashi Kadowaki, Yukinori Okada","A genetic study in over 300,000 males reveals that Y chromosome loss affects type 2 diabetes risk differently in East Asians and Europeans. Multi-omics data suggest that this may be due to impaired glucose metabolism in Y-deficient pancreatic β cells.",2026-02-23 00:00:00+00:00,"Participants
We included East Asian individuals from BBJ and JCTF for the PheWAS. BBJ1, the first cohort of BBJ, recruited ~200,000 individuals with at least one of 47 target diseases from 12 Japane… [+22970 chars]",,,,,,,,,,,,,,,,,2026
Xataka.com,Llevamos años creyendo que el ayuno intermitente es el arma definitiva para adelgazar. La ciencia tiene otra idea,José A. Lizana,"Durante los últimos años, el ayuno intermitente ha pasado de ser algo excepcional a convertirse en una estrategia nutricional de la que cada vez se habla más y que tiene más adeptos detrás. Y no es para menos, puesto que la promesa es bastante seductora al no…",2026-02-21 12:30:07+00:00,"Durante los últimos años, el ayuno intermitente ha pasado de ser algo excepcional a convertirse en una estrategia nutricional de la que cada vez se habla más y que tiene más adeptos detrás. Y no es p… [+4557 chars]",,,,,,,,,,,,,,,,,2026
Naturalnews.com,Health benefits of oolong tea: A natural boost for longevity and wellness,Belle Carter,"Oolong tea’s polyphenols and antioxidants help regulate glucose metabolism, reducing the risk of type 2 diabetes. Studies suggest its unique fermentation process may enhance bioactive compounds compared to green or black tea. It contains EGCG, which increases…",2026-02-26 06:00:00+00:00,"<ul><li>Oolong tea's polyphenols and antioxidants help regulate glucose metabolism, reducing the risk of type 2 diabetes. Studies suggest its unique fermentation process may enhance bioactive compoun… [+4864 chars]",,,,,,,,,,,,,,,,,2026
Science Daily,Mayo Clinic discovers rare gene mutation that causes fatty liver disease,,"Mayo Clinic researchers have identified a rare mutation in the MET gene that can directly cause metabolic dysfunction-associated steatotic liver disease. The mutation disrupts the liver’s ability to process fat, leading to inflammation, scarring, and potentia…",2026-03-07 11:04:29+00:00,"Scientists at Mayo Clinic's Center for Individualized Medicine have identified a rare genetic variant that can directly cause metabolic dysfunction-associated steatotic liver disease, formerly known … [+5601 chars]",,,,,,,,,,,,,,,,,2026
Deseret News,Can you prevent or possibly reverse Alzheimer’s? This doctor says yes,Lois M. Collins,There’s growing evidence that people can take steps to keep their brains healthy and reduce the risk of dementia.,2026-03-07 04:00:01+00:00,"Alzheimers disease is among the most feared diagnoses, with treatments that may slow early decline but dont stop the disease. But theres growing evidence that people could be taking steps to keep the… [+10073 chars]",,,,,,,,,,,,,,,,,2026
tagesschau.de,Führt auch Deutschland eine Zuckersteuer ein?,Barbara Berner,"Beim Konsum zuckerhaltiger Getränke sind die Deutschen ganz weit vorne, die Diskussion über eine Zuckersteuer ist neu entbrannt. Wird Deutschland dem Beispiel anderer europäischer Staaten folgen? Von Barbara Berner.",2026-03-16 05:56:14+00:00,"Stand: 16.03.2026 06:56 Uhr
Beim Konsum zuckerhaltiger Getränke sind die Deutschen ganz weit vorne, die Diskussion über eine Zuckersteuer ist neu entbrannt. Wird Deutschland dem Beispiel anderer eur… [+5459 chars]",,,,,,,,,,,,,,,,,2026
Alltoc.com,How well does the new oral GLP‑1 pill perform? #health,AllToc,Oral incretin pill shows measurable weight and glycaemic benefits Recent clinical trial reports indicate that a new oral glucagon‑like peptide‑1 (GLP‑1) agent produced clinically meaningful benefits for people taking it in trial settings. Participants experie…,2026-03-01 21:08:45+00:00,Recent clinical trial reports indicate that a new oral glucagonlike peptide1 (GLP1) agent produced clinically meaningful benefits for people taking it in trial settings. Participants experienced aver… [+1621 chars],,,,,,,,,,,,,,,,,2026
Business Insider,"Eli Lilly is set to release a once-daily pill to rival Ozempic this year. People are losing 15 to 20 pounds on it, but there's a catch.",Hilary Brueck,"Eli Lilly released new data on its oral pill, orforglipron, Thursday, showing it's almost as good as Ozempic. The pill may be available this spring.",2026-02-26 11:30:01+00:00,"People with diabetes lost an average of nearly 20 pounds of body weight during a clinical trial of orforglipron, which is a new small molecule GLP-1 drug.colnihko/Getty Images
<ul><li>Eli Lilly's ne… [+5399 chars]",,,,,,,,,,,,,,,,,2026
Business Insider,She works in healthcare and pays $787 a month for insurance. She still can't afford her daughter's care.,Allie Kelly,"Cassenda Nelson, 47, is overwhelmed by insurance costs and medical debt due to her daughter's health condition. She's worried about paying bills.",2026-02-26 09:52:01+00:00,"Cassenda Nelson is a mother of four in southwest Georgia.Photo Courtesy of Cassenda Nelson
<ul><li>Cassenda Nelson, 47, struggles to afford care for her daughter's complex health conditions.</li><li… [+5411 chars]",,,,,,,,,,,,,,,,,2026
Nature.com,How fast does a protein fold? Real-time technique captures the moment,Katherine Bourzac,"Proteins assume complex 3D shapes even faster than does DNA, which is a simpler molecule.",2026-03-09 00:00:00+00:00,"It can take less than a microsecond for proteins (artists impression) to fold into their 3D shapes.Credit: Christoph Burgstedt/Science Photo Library
Scientists say they have made some of the first d… [+2835 chars]",,,,,,,,,,,,,,,,,2026
El Mundo,Novo Nordisk anuncia una bajada de precios en España de sus fármacos contra la diabetes y obesidad: Ozempic y Wegovy,Pilar Pérez,"La reducción del precio será de hasta un 17,6% en la dosis más alta de Wegovy, que baja hasta los 223,64 euros. También anuncia bajadas en Ozempic y Rybelsus, aunque estos cuentan con financiación del SNS, pero muy restrictiva Leer",2026-03-05 19:17:18+00:00,"Los fármacos contra la diabetes y la obesidad de Novo Nordisk bajan sus precios en España a partir de este mes de marzo. Paula Barriga, directora general de la compañía en España, lo ha anunciado en … [+5355 chars]",,,,,,,,,,,,,,,,,2026
Naturalnews.com,"Gymnema blocks sugar cravings, helping diabetic patients",Lance D Johnson,"Gymnema sylvestre contains gymnemic acids, which temporarily block sweet taste receptors on the tongue, reducing the appeal and intake of sugary foods. Clinical studies indicate the herb can significantly lower blood glucose levels and improve long-term blood…",2026-02-27 06:00:00+00:00,"<ul><li>Gymnema sylvestre contains gymnemic acids, which temporarily block sweet taste receptors on the tongue, reducing the appeal and intake of sugary foods.</li><li>Clinical studies indicate the h… [+6019 chars]",,,,,,,,,,,,,,,,,2026
Scientific American,Readers respond to the November 2025 issue,Aaron Shattuck,Letters to the editors for the November 2025 issue of Scientific American,2026-02-17 11:00:00+00:00,"LIFE’S POSSIBILITIES
In “Life’s Big Bangs,” Asher Elbein reports on geochemist Abderrazak El Albani’s controversial argument that complex life emerged much earlier than thought and possibly did so m… [+6457 chars]",,,,,,,,,,,,,,,,,2026
Okdiario.com,Una sola pastilla diaria para el VIH: el avance que simplifica el tratamiento en pacientes de larga duración,scruzcampillo,"¿Es posible que la medicina logre condensar décadas de lucha contra un virus en un solo gesto cotidiano? Para quienes comenzaron su batalla contra el VIH en los años 80 y 90, la supervivencia ha tenido un precio físico: convivir con ""cócteles"" de hasta 11 pas…",2026-02-25 18:40:00+00:00,"Un ensayo clínico de Fase 3 publicado en la revista The Lancet ha demostrado que una nueva combinación de fármacos en una sola tableta es tan eficaz como los regímenes más complejos. El estudio, deno… [+5676 chars]",,,,,,,,,,,,,,,,,2026
CNA,"Myopia now, glaucoma later? The hidden link explained and how to reduce your risk",,"Experts explain whether Lasik or lens implants affect your risk, and how a hair strand-like microshunt could reduce reliance on lifelong eye drops for patients.",2026-03-02 23:19:43+00:00,"WHAT ARE THE CAUSES?
Myopia is a strong risk factor. For starters, myopic eyeballs are already stretched, making their optic nerves more fragile and susceptible to damage. Weakness of the optic nerv… [+1408 chars]",,,,,,,,,,,,,,,,,2026
Spring.org.uk,Weight Loss: A Half Cup Of This Food Reduces Belly Fat,Dr Jeremy Dean,Reduce your belly fat 10 percent with a half cup of this food.,2026-02-20 15:00:02+00:00,"Reduce your belly fat 10 percent with a half cup of this food.Reduce your belly fat 10 percent with a half cup of this food.
Lowering sugar consumption by about one can of soda and adding one half-c… [+2211 chars]",,,,,,,,,,,,,,,,,2026
NBC News,Why heart disease and stroke are expected to rise significantly among younger women,Barbara Mantel,"Without better prevention and early detection, the number of women living with cardiovascular disease will increase substantially in the next 25 years, the American Heart Association said.",2026-02-25 10:49:38+00:00,"Without better prevention and early detection, the number of women living with cardiovascular disease will increase substantially in the coming decades, the American Heart Association said Wednesday.… [+5424 chars]",,,,,,,,,,,,,,,,,2026
Nature.com,Hybrid macrophage-mitochondria extracellular vesicles for mitochondrial ROS regulation in diabetic wounds,"Li Fan, Changhe Zhang, Zhigang Xu, Zhelong Li, Bin Zhang, Heng Li, Jingxiang Wang, Zhao Wei, Juntao Han, Hao Guan, Bo Peng, Nicolas H. Voelcker, Xuekang Yang","Controlling mitochondrial ROS has potential to regulate inflammatory responses, however targeting&nbsp;it in macrophages can be difficult. Here, the authors create hybrid membrane extracellular vesicles capable of targeted delivery to macrophages to modulate …",2026-02-28 00:00:00+00:00,"<li>Zhang, Y. et al. Global disability burdens of diabetes-related lower-extremity complications in 1990 and 2016. Diabetes Care43, 964974 (2020).
Google Scholar 
</li><li>Powers, J. G., Higham, C.… [+8666 chars]",,,,,,,,,,,,,,,,,2026
Die Zeit,Gesundheit: Kein Zusatznutzen? Rückschlag für Alzheimer-Mittel,DIE ZEIT: News -,Hier finden Sie Informationen zu dem Thema „Gesundheit“. Lesen Sie jetzt „Alzheimer-Mittel droht das Aus – Wie geht es weiter?“.,2026-02-19 10:34:11+00:00,Es ist ein Rückschlag für einen Hoffnungsträger: Für den Alzheimer-Wirkstoff Lecanemab gibt es nach Ansicht eines entscheidenden Expertengremiums keinen belegten Zusatznutzen im Vergleich zu älteren … [+5971 chars],,,,,,,,,,,,,,,,,2026
Nature.com,RYK is a GPNMB receptor that drives MASH,"Yue Xi, Waner Zeng, Jie Luo, Jian Zhou, Lin Wang, Jingyi Sun, Zengyiting He, Weihui Li, Sitao Zhu, Wei Qi, Bao-Liang Song","MASH is driven by the secreted GPNMB ectodomain, which binds hepatocyte RYK to activate ERK1/2 and promote lipid uptake and&nbsp;lipogenic programs; blocking the GPNMB–RYK axis prevented and treated MASH in preclinical models.",2026-02-18 00:00:00+00:00,"<li>Do, A., Zahrawi, F. &amp; Mehal, W. Z. Therapeutic landscape of metabolic dysfunction-associated steatohepatitis (MASH). Nat. Rev. Drug Discov.24, 171189 (2025).
Article 
 CAS 
 PubMed 
Googl… [+8712 chars]",,,,,,,,,,,,,,,,,2026
Yahoo Entertainment,Medtronic diabetes unit MiniMed seeks $784 million in US IPO,Avalon Pernell,"The Northridge, California-based firm plans to market 28 million shares for $25 to $28 each, according to its filing Tuesday with the US Securities and...",2026-02-24 17:02:46+00:00,"(Bloomberg) MiniMed Group Inc., a diabetes management firm that will be separated from health-care giant Medtronic Plc, is seeking to raise as much as $784 million in an initial public offering.
The… [+2267 chars]",,,,,,,,,,,,,,,,,2026
Abril.com.br,Por que combinar manga com abacate pode ser uma boa receita para o coração,Victória Ribeiro,Pesquisa acompanhou adultos com pré-diabetes para entender o efeito da combinação na saúde cardiovascular,2026-03-03 17:00:42+00:00,"Pular para o conteúdo
Chegou o 3.3: VEJA por apenas 3,30Manga e abacate: grupo que consumiu as frutas apresentou uma tendência de redução do LDL (colesterol 'ruim') (Pixabay/iStock)
Continua após p… [+4401 chars]",,,,,,,,,,,,,,,,,2026
Faz.net,"Chef von Boehringer Ingelheim: „Pharma braucht keine Seltenen Erden, Pharma braucht helle Köpfe“","Sven Astheimer, Maybrit Martschin","Shashank Deshpande ist seit Juli 2025 an der Spitze des Pharmakonzerns Boehringer Ingelheim. Was ihn umtreibt, ist nicht Trumps Preispolitik. Auch der umkämpfte Markt für Abnehmspritzen schreckt ihn nicht. Er sorgt sich um Forschung in Deutschland – und forde…",2026-03-13 05:37:35+00:00,"Herr Deshpande, vor Kurzem haben Sie Kanzler Merz auf seiner Reise nach Indien begleitet. Wie haben Sie das Land erlebt? 
Für mich war es nicht nur meine erste Reise mit dem Bundeskanzler, sondern a… [+13177 chars]",,,,,,,,,,,,,,,,,2026
Insoonia.com,Altitude elevada protege contra o diabetes e a ciência finalmente explica o motivo,Redação,"Pesquisadores descobriram que o baixo oxigênio faz os glóbulos vermelhos absorverem glicose, reduzindo o açúcar no sangue. O post Altitude elevada protege contra o diabetes e a ciência finalmente explica o motivo apareceu primeiro em iNSôÔNiA - Conhecimento,…",2026-02-22 02:10:10+00:00,"Viver em regiões montanhosas parece trazer um benefício curioso à saúde. Estudos mostram que a altitude elevada protege contra o diabetes de forma natural.
Um estudo publicado em 21 de fevereiro de … [+4621 chars]",,,,,,,,,,,,,,,,,2026
The Indian Express,Actor Dipika Kakar to undergo second surgery for cyst while battling liver cancer: Oncologist explains why tumour returns,Express News Service,Early-stage liver cancer can return despite surgery. But there are treatments too,2026-02-24 03:05:06+00:00,"Television actor Dipika Kakar, who was diagnosed with stage two liver cancer in May last year, has revealed she now has a new cyst that requires another surgery. Such growth is not unusual in survivo… [+3351 chars]",,,,,,,,,,,,,,,,,2026
Nature.com,Pancreatic-targeted lipid nanoparticles based on organ capsule filtration,"Jiaqi Lei, Kai Yang, Wanyue Cao, Shaolong Qi, Xianlong Du, Hongjian Li, Yangfan Wang, Jinqun Gan, Yunxuan Feng, Yongcan Li, Wenjie Zhang, Bing Bai, Xin Lin, Xinhui Su, Qi Zhang, Tingbo Liang, Guocan Yu","Elucidation of fundamental pancreatic-targeted mechanisms enables the development of lipid nanoparticles for the precise delivery of nucleic acid therapeutics to the pancreas, highlighting their promising potential in the treatment of pancreatic diseases.",2026-02-25 00:00:00+00:00,"<li>GBD 2021 Diabetes Collaborators. Global, regional, and national burden of diabetes from 1990 to 2021, with projections of prevalence to 2050: a systematic analysis for the Global Burden of Diseas… [+7392 chars]",,,,,,,,,,,,,,,,,2026
Terra.com.br,Por que o transplante de rim é o mais comum no Brasil? Veja as causas,Saúde em Dia,"Hipertensão, diabetes e outras doenças crônicas estão entre os principais fatores que levam os brasileiros à fila do transplante de rim",2026-03-12 19:09:32+00:00,"O transplante de rim é o tipo de transplante de órgão mais comum no Brasil. Atualmente, entre 40 mil e 42 mil pessoas aguardam por um rim na fila do Sistema Nacional de Transplantes (SNT), segundo da… [+4747 chars]",,,,,,,,,,,,,,,,,2026
El Mundo,Cuando caminar duele: así es la llamada 'enfermedad de los escaparates',Antonella Sparvoli,"Es un problema ligado al riesgo cardiovascular general y su síntoma más característico es la claudicación intermitente, un dolor que aparece al caminar y desaparece al descansar Leer",2026-03-16 09:25:52+00:00,"La arteriopatía periférica, llamada la 'enfermedad de los escaparates', está causada por el estrechamiento de las arterias de las extremidades inferiores. Su síntoma más característico es la claudica… [+3950 chars]",,,,,,,,,,,,,,,,,2026
Nature.com,Shared genetic and neuroimmune architecture links type 1 diabetes with neurocognitive traits,"Priscilla Saarah, Zehra A. Syeda, Ziang Xu, Yikai Dong, Habei Jiang, Michelle Shanguyhia, Sourav Roy, Biqing Zhu, Le Zhang, Andrew T. Dewan, Samira Asgari, David A. Alagpulinsa","Links between type 1 diabetes and neurocognitive traits remain unclear. Here, the authors integrate genetic and single‑cell epigenomic data to show brain‑cell, especially microglial, involvement and identify shared genetic mechanisms connecting diabetes with …",2026-03-13 00:00:00+00:00,"<li>Gregory, G.A. et al. Global incidence, prevalence, and mortality of type 1 diabetes in 2021 with projection to 2040: a modelling study. Lancet Diabetes Endocrinol. https://doi.org/10.1016/s2213-8… [+14541 chars]",,,,,,,,,,,,,,,,,2026
Naturalnews.com,Toxins in your food: How corporate greed and regulatory failure are making America sick,Patrick Lewis,"Ultra-processed foods (UPFs) are loaded with synthetic additives, endocrine disruptors (phthalates, BPA/BPS) and PFAS—linked to obesity, diabetes, cancer and neurological disorders—while being marketed as “safe” despite zero independent safety testing. The FD…",2026-02-23 06:00:00+00:00,"<ul><li>Ultra-processed foods (UPFs) are loaded with synthetic additives, endocrine disruptors (phthalates, BPA/BPS) and PFASlinked to obesity, diabetes, cancer and neurological disorderswhile being … [+5821 chars]",,,,,,,,,,,,,,,,,2026
Prevention.com,Dietitians Say These Are the Best Foods to Fight Inflammation,"Lauren Manaker, M.S., R.D.N., L.D., Arricca Elin SanSone","Experts share the best foods that reduce inflammation that may help protect you from developing chronic diseases. Plus, lifestyle tweaks that can help, too.",2026-03-06 13:02:00+00:00,"Given all the ways it can harm your body and your overall health, inflammation can be scary. But it is also relatively easy to fight off if you have the right tools. One of the most powerful choices … [+9157 chars]",,,,,,,,,,,,,,,,,2026
Die Zeit,"Zuckersteuer: ""In Deutschland gilt: je ungesünder, desto billiger""","DIE ZEIT: Gesundheit - Hanna Grabbe, Tom Kattwinkel","Ungesundes muss teurer werden, sagt Karl Lauterbach und fordert eine Zuckersteuer. Unsinn, findet Fritz-Kola-Gründer Mirco Wiegert. Er hat einen einen anderen Vorschlag.",2026-02-23 17:31:44+00:00,"DIE ZEIT: Herr Lauterbach, 60 Prozent der
Deutschen befürworten einer aktuellen Umfrage zufolge eine Steuer auf
gezuckerte Getränke, sogar Teile der CDU engagieren sich inzwischen dafür. Sie
forde… [+546 chars]",,,,,,,,,,,,,,,,,2026
Alltoc.com,How will Novo Nordisk's price cut affect patients? #health,AllToc,"A big list‑price cut, but real savings vary The drugmaker announced steep reductions in the list prices of its GLP‑1 medicines for obesity and diabetes, including well‑known brands whose high costs have limited access. The company says list prices will fall b…",2026-02-25 00:14:01+00:00,"The drugmaker announced steep reductions in the list prices of its GLP1 medicines for obesity and diabetes, including wellknown brands whose high costs have limited access. The company says list pric… [+1963 chars]",,,,,,,,,,,,,,,,,2026
Parade,Endocrinologists Say This Is the Most Underrated Food for Blood Sugar After 50,Emily Laurence,There’s a good chance that it’s already in your pantry.,2026-02-18 15:50:00+00:00,"Even if youre not part of the 1 in 10 Americans with diabetes, managing blood sugar becomes more important with age. Simply getting older is a major risk factor for type 2 diabetes, with the risk sig… [+6661 chars]",,,,,,,,,,,,,,,,,2026
The Verge,Trump’s surgeon general nominee is running the wellness grifter playbook perfectly,Victoria Song,"This is Optimizer, a weekly newsletter sent every Friday from Verge senior reviewer Victoria Song that dissects and discusses the latest gizmos and potions that swear they're going to change your life. We'll be taking a break next week and will back March 20t…",2026-03-06 14:14:49+00:00,"<ul><li></li><li></li><li></li></ul>
Trumps surgeon general nominee is running the wellness grifter playbook perfectly
Casey Means says her Good Energy habits can prevent cancer.
by
Victoria Song… [+14833 chars]",,,,,,,,,,,,,,,,,2026
tagesschau.de,Wie das Bewegen der Hände das Gehirn trainiert,"Katharina Bruns, hr","Der Griff nach der Kaffeetasse oder das Zubinden der Schnürsenkel: Jeden Tag nutzen wir die Hände - beinahe unbewusst. Sie sind nicht nur das wichtigste Werkzeug, sondern trainieren auch den Geist. Von Katharina Bruns.",2026-03-12 09:10:34+00:00,"Stand: 12.03.2026 10:10 Uhr
Der Griff nach der Kaffeetasse oder das Zubinden der Schnürsenkel: Jeden Tag nutzen wir die Hände - beinahe unbewusst. Sie sind nicht nur das wichtigste Werkzeug, sondern… [+6128 chars]",,,,,,,,,,,,,,,,,2026
Science Daily,Scientists discover the body’s hidden “off switch” for inflammation,,A new human study has uncovered how the body naturally turns off inflammation. Researchers found that fat-derived molecules called epoxy-oxylipins rein in immune cells that can otherwise drive chronic disease. Using a drug to boost these molecules reduced pai…,2026-02-19 15:16:55+00:00,Researchers at University College London have identified a biological process that helps the body shut down inflammation once it is no longer needed. The discovery could pave the way for new treatmen… [+5819 chars],,,,,,,,,,,,,,,,,2026
Xataka.com,"El ""acelerador"" oculto del envejecimiento: cómo impacta no tener suficiente magnesio en nuestro cuerpo",José A. Lizana,"Para la sociedad y la ciencia, envejecer de manera sana y tener una buena calidad de vida en los últimos años de la vida es un objetivo al que queremos ir llegando poco a poco. Terapias génicas, pruebas de que hacer ejercicio de fuerza es lo mejor e incluso t…",2026-03-06 19:31:39+00:00,"Para la sociedad y la ciencia, envejecer de manera sana y tener una buena calidad de vida en los últimos años de la vida es un objetivo al que queremos ir llegando poco a poco. Terapias génicas, prue… [+4141 chars]",,,,,,,,,,,,,,,,,2026
Naturalnews.com,Pecans shown to boost cardiometabolic health in groundbreaking new study,Patrick Lewis,"Consuming 1.5 ounces (a handful) of pecans daily enhances insulin response, reducing risks for Type 2 diabetes and metabolic disorders. Pecans’ monounsaturated fats, polyphenols and fiber lower LDL cholesterol, inflammation and improve endothelial function. R…",2026-03-04 06:00:00+00:00,"<ul><li>Consuming 1.5 ounces (a handful) of pecans daily enhances insulin response, reducing risks for Type 2 diabetes and metabolic disorders.</li><li>Pecans' monounsaturated fats, polyphenols and f… [+5800 chars]",,,,,,,,,,,,,,,,,2026
Zoomit.ir,یکی از رایج‌ترین داروهای دیابت احتمالاً باعث پیشرفت سریع‌تر بیماری می‌شود,غزل امیری,داروی محبوب دیابت شاید دشمن جان سلول‌هایتان باشد؛ پژوهشی تازه نشان می‌دهد که چگونه برخی درمان‌های قدیمی، هویت سلول‌های انسولین‌ساز را می‌دزدند.,2026-02-24 11:46:18+00:00,". «» .
 . () () ( ) . .
 . () . .
 . .
 : « . . .»
 . . .
 . . .
 . . . . .
Diabetes, Obesity and Metabolism .",,,,,,,,,,,,,,,,,2026
CBS News,Novo Nordisk to slash Wegovy and Ozempic prices starting in 2027,Mary  Cunningham,"Starting in 2027, the Danish pharma firm will sell its weight-loss and diabetes drugs for $675 per month.",2026-02-24 15:08:16+00:00,"Novo Nordisk said Tuesday it will slash its prices for Wegovy and Ozempic beginning next year by up to 50%, highlighting the growing competition among pharmaceutical firms for customers seeking weigh… [+1504 chars]",,,,,,,,,,,,,,,,,2026
Martha Stewart,"What Eating Bananas Every Day Does to Your Body, According to Nutrition Experts",Kirsten Nunez,See what this fruit bowl staple can do for your health.,2026-02-28 19:00:00+00:00,"Key Points
<ul><li>Eating bananas every day can support your overall health with their rich nutrients, affordability, and easy availability.
</li><li>Bananas keep you full longer, promote gut healt… [+5662 chars]",,,,,,,,,,,,,,,,,2026
New Scientist,"Can magnesium supplements improve sleep, energy and concentration?",Alice Klein,"Magnesium has been called the “super mineral of the moment”, hailed for its supposed benefits for the brain and body. But columnist Alice Klein finds that the evidence is lacking for many of these claims",2026-03-02 09:00:20+00:00,"Can magnesium supplements help with sleep or energy?
Maria Korneeva/Getty Images
In the 1600s, wealthy people in England flocked to a well on Epsom Common that was said to contain healing water. It… [+6434 chars]",,,,,,,,,,,,,,,,,2026
The Indian Express,"Maharashtra officially rolls out menopause clinics, palliative care programme",Express News Service,580 menopause clinics to offer weekly OPD for women,2026-02-22 17:15:36+00:00,"Maharashtra Health Department has started a dedicated Menopause Clinics across its public health system, with 580 centres established in government hospitals and urban health facilities, on Sunday. O… [+2088 chars]",,,,,,,,,,,,,,,,,2026
Naturalnews.com,Celeriac: The forgotten superfood that fights Big Pharma’s sick-care system,Ramon Tomey,"Celeriac (celery root) is a highly nutritious vegetable rich in heart-protective fiber, bone-strengthening vitamins (like vitamin K) and blood-sugar-regulating minerals, offering a natural alternative to processed foods and pharmaceuticals. Studies show celer…",2026-03-12 06:00:00+00:00,"<ul><li>Celeriac (celery root) is a highly nutritious vegetable rich in heart-protective fiber, bone-strengthening vitamins (like vitamin K) and blood-sugar-regulating minerals, offering a natural al… [+5464 chars]",,,,,,,,,,,,,,,,,2026
Nature.com,"‘Baked, not fried’: five highlights from nutrition research",Bianca Nogrady,"Potatoes, coffee and protein are at the centre of some intriguing studies from the past five years.",2026-03-12 00:00:00+00:00,"A mixed community of bacteria some of which are found in the gut imaged using a scanning electron microscope.Steve Gschmeissner/SPL
As the saying goes, you are what you eat. The choices that we make… [+7364 chars]",,,,,,,,,,,,,,,,,2026
Nature.com,Somatic loss of the Y chromosome complements polygenic risk scores for type 2 diabetes risk prediction,,"We assessed how germline Y haplogroups and somatic loss of the Y chromosome (LOY) associate with risk of disease in East Asian and European populations. LOY increases the risk of type 2 diabetes in East Asian men, particularly when polygenic risk scores are l…",2026-03-02 00:00:00+00:00,"<li>Suzuki, K. et al. Genetic drivers of heterogeneity in type 2 diabetes pathophysiology. Nature627, 347357 (2024). This landmark multi-ancestry genome-wide meta-analysis delineates heterogeneous T2… [+1667 chars]",,,,,,,,,,,,,,,,,2026
Gizmodo.com,The Strangest Beliefs of Our Likely Next Surgeon General,Ed Cara,"Casey Means has criticized the birth control pill, fearmongered about vaccines, and touted supplements with weak evidence behind them.",2026-02-27 12:00:02+00:00,"Casey Means is perhaps the most well-known person associated with the Make America Healthy Again (MAHA) movement, outside of its founder, current U.S. Health Secretary Robert F. Kennedy Jr. And she’s… [+7100 chars]",,,,,,,,,,,,,,,,,2026
tagesschau.de,Ministerpräsident Günther will Zuckersteuer über Bundesrat durchsetzen,tagesschau.de,Nach dem Scheitern auf dem CDU-Parteitag will Schleswig-Holsteins Ministerpräsident Günther nun eine Zuckersteuer über den Bundesrat durchsetzen. Die Bundesregierung lehnt eine Abgabe bisher ab.,2026-02-23 11:29:30+00:00,"Stand: 23.02.2026 12:29 Uhr
Nach dem Scheitern auf dem CDU-Parteitag will Schleswig-Holsteins Ministerpräsident Günther nun eine Zuckersteuer über den Bundesrat durchsetzen. Die Bundesregierung lehn… [+5060 chars]",,,,,,,,,,,,,,,,,2026
Vox,The false promise of a “no sugar” diet,Dylan Scott,"When I picked up my kids’ birthday cake this week, I felt a tinge of guilt that I’m sure many people will find familiar. Isn’t this thing loaded with sugar? The health and wellness space is filled with people pushing zero/no sugar diets, sometimes as a short…",2026-02-25 21:48:47+00:00,"When I picked up my kids’ birthday cake this week, I felt a tinge of guilt that I’m sure many people will find familiar. Isn’t this thing loaded with sugar? 

The health and wellness space is filled … [+7129 chars]",,,,,,,,,,,,,,,,,2026
mindbodygreen.com,"This Health Factor Increases Heart Disease Risk By Almost 20%, Study Shows",https://www.mindbodygreen.com/wc/jenny-fant,Here's how to protect your heart.,2026-03-03 16:05:00+00:00,"If 2020 taught us anything, it was that being too lonely for too long is absolutely heartbreaking. And as studies are showing, there's some compelling science to prove that its physical effects are l… [+3037 chars]",,,,,,,,,,,,,,,,,2026
tagesschau.de,Volkskrankheit Adipositas - Abnehmspritze oder Magen-OP?,"Tina Roth, NDR","Millionen Menschen in Deutschland leiden an Adipositas - medizinisch sinnvolle Hilfe durch Operationen kommt häufig erst, wenn der Körper bereits schweren Schaden genommen hat. Von Tina Roth.",2026-03-04 13:58:18+00:00,"Stand: 04.03.2026 14:58 Uhr
Millionen Menschen in Deutschland leiden an Adipositas - medizinisch sinnvolle Hilfe durch Operationen kommt häufig erst, wenn der Körper bereits schweren Schaden genomme… [+4766 chars]",,,,,,,,,,,,,,,,,2026
Terra.com.br,"Pensávamos que já tínhamos visto de tudo, mas cientistas criaram um remédio que atrasa a chegada do diabetes tipo 1",Minha Vida,Tratamento aprovado pela Anvisa pode adiar a fase clínica da doença em pacientes a partir de 8 anos de idade,2026-03-13 16:12:31+00:00,"A medicina deu um passo importante no tratamento do diabetes. A Agência Nacional de Vigilância Sanitária (Anvisa) aprovou o registro do teplizumabe, comercializado como Tzield pela Sanofi, primeiro i… [+1519 chars]",,,,,,,,,,,,,,,,,2026
Science Daily,Researchers find alarming Alzheimer’s pattern in rural America,,"A new analysis of more than 422,000 patients reveals a stark Alzheimer’s care gap between Maryland’s urban and rural communities. Rural regions often lack hospitals and dementia specialists, forcing older patients to travel farther for diagnosis and treatment…",2026-03-10 02:51:54+00:00,A new statewide spatial analysis of Alzheimer's disease and related dementias (ADRD) has revealed major differences in how the condition affects people living in rural parts of Maryland. The findings… [+2856 chars],,,,,,,,,,,,,,,,,2026
Psychology Today,Hunger Games: Why Diets Fail and Weight Loss Medicines Succeed,Thomas Rutledge Ph.D.,"The latest medical science reveals that healthy weight loss doesn't require special genes, diets, or exercise programs. The secret is controlling hunger.",2026-02-23 15:06:37+00:00,"1. Wing RR, Phelan S. Long-term weight loss maintenance. Am J Clin Nutr. 2005 Jul;82(1 Suppl):222S225S. doi: 10.1093/ajcn/82.1.222S. PMID: 16002825.
2. Hall KD, Kahan S. Maintenance of Lost Weight a… [+2076 chars]",,,,,,,,,,,,,,,,,2026
Die Zeit,Zuckersteuer auf Getränke: Schleswig-Holstein will Zuckersteuer über Bundesrat voranbringen,DIE ZEIT: Deutschland - Ulrike Tschirner,"Auf dem CDU-Parteitag fiel ein Antrag für eine Zuckersteuer durch. Das Thema sei damit aber nicht erledigt, sagt Schleswig-Holsteins Ministerpräsident Daniel Günther.",2026-02-23 03:47:55+00:00,"Nach der Ablehnung auf dem CDU-Parteitag will Schleswig-Holsteins Ministerpräsident Daniel Günther (CDU) eine Steuer auf gezuckerte Getränke über den Bundesrat durchsetzen. ""Das Thema Zuckersteuer ha… [+2618 chars]",,,,,,,,,,,,,,,,,2026
Naturalnews.com,Could combining melatonin and ashwagandha improve sleep and reduce stress? Experts weigh in,Belle Carter,"Melatonin helps regulate sleep cycles, particularly for insomnia and jet lag. Ashwagandha reduces stress and cortisol levels, indirectly improving sleep quality. No conclusive scientific proof that combining melatonin and ashwagandha enhances effects beyond t…",2026-02-27 06:00:00+00:00,"<ul><li>Melatonin helps regulate sleep cycles, particularly for insomnia and jet lag. Ashwagandha reduces stress and cortisol levels, indirectly improving sleep quality.</li><li>No conclusive scienti… [+4563 chars]",,,,,,,,,,,,,,,,,2026
Xataka.com,"Llevamos toda la vida adorando al plátano por su potasio. La ciencia señala a las pasas como el verdadero ""súper snack""",José A. Lizana,"En estos últimos años es fácil ver en redes sociales como TikTok o Instagram a diferentes 'especialistas' en el deporte o la nutrición bombardear con diferentes suplementos alimentarios, con los mejores 'súper alimentos' para tener una buena nutrición y más. …",2026-03-07 16:15:39+00:00,"En estos últimos años es fácil ver en redes sociales como TikTok o Instagram a diferentes 'especialistas' en el deporte o la nutrición bombardear con diferentes suplementos alimentarios, con los mejo… [+4384 chars]",,,,,,,,,,,,,,,,,2026
mindbodygreen.com,Want To Follow The Mediterranean Diet? Start With This One-Day Meal Plan,https://www.mindbodygreen.com/wc/molly-knudsen,It's easier than you think!,2026-03-14 09:35:00+00:00,"When it comes to healthy eating patterns, the Mediterranean diet consistently tops the list.
Inspired by the traditional cuisines of countries like Greece and Italy, this way of eating centers on si… [+2722 chars]",,,,,,,,,,,,,,,,,2026
Olhardigital.com.br,Hospitais negam acordo para oferecer ‘canetas’ de Wegovy no SUS,Pedro Spadoni,"Posicionamentos vieram após a fabricante do Wegovy, Novo Nordisk, anunciar parcerias com GHC e IEDE em projeto para tratar obesidade no SUS O post Hospitais negam acordo para oferecer ‘canetas’ de Wegovy no SUS apareceu primeiro em Olhar Digital.",2026-03-13 18:23:58+00:00,"Siga o Olhar Digital no Google Discover
O Grupo Hospitalar Conceição (GHC) e o Instituto Estadual de Diabetes e Endocrinologia Luiz Capriglione (IEDE) negaram a existência de um acordo formal com a … [+2140 chars]",,,,,,,,,,,,,,,,,2026
Science Daily,A bold new plan could finally cure type 1 diabetes,,Researchers are developing a two-part therapy for type 1 diabetes: lab-made insulin-producing cells paired with custom-engineered immune cells that protect them. The goal is to stop the immune system from destroying transplanted cells — without using immunosu…,2026-03-02 16:49:16+00:00,"At the Medical University of South Carolina (MUSC), researcher Leonardo Ferreira, Ph.D., is leading an ambitious effort to change how type 1 diabetes (T1D) is treated. Backed by $1 million from Break… [+6392 chars]",,,,,,,,,,,,,,,,,2026
Science Daily,Fixing a tooth infection may improve blood sugar and heart health,,"A new clinical study suggests that successful root canal treatment may benefit more than just dental health. Patients treated for infected teeth showed improved blood sugar control, healthier cholesterol levels, and reduced inflammation over time. The infecti…",2026-03-16 02:51:56+00:00,A successful root canal may provide benefits that extend beyond saving a tooth. New research suggests that treating certain dental infections could help lower inflammation associated with heart disea… [+3982 chars],,,,,,,,,,,,,,,,,2026
Alltoc.com,What vision risks are linked to GLP‑1 drugs? #health,AllToc,Regulators flag potential eye harms with GLP‑1 treatments A national medicines regulator has issued a safety warning about possible links between GLP‑1 receptor agonist drugs — medicines widely used for weight loss and type 2 diabetes — and reports of serious…,2026-02-18 03:07:46+00:00,"Regulators flag potential eye harms with GLP1 treatments
A national medicines regulator has issued a safety warning about possible links between GLP1 receptor agonist drugs medicines widely used for… [+1492 chars]",,,,,,,,,,,,,,,,,2026
Scientific American,How does type 1 diabetes actually work?,"Fonda Mwangi, Deboki Chakravarti, Mary Budwick",What happens when your body suddenly stops making the one hormone that keeps your blood sugar in check?,2026-02-17 21:45:00+00:00,"This video is part of “Innovations In: Type 1 Diabetes,” an editorially independent special report that was produced with financial support from Vertex.
Have you ever thought about how your body tur… [+1877 chars]",,,,,,,,,,,,,,,,,2026
Die Zeit,Gesundheits-Tipps von Influencern: Viele Health-Influencer simulieren Wissenschaft. Mit diesen Tricks,DIE ZEIT: Gesundheit - Ingo Arzt,"Ist im Putensteak genug Protein? Im Apfel genug Vitamin? Glauben Sie niemandem, der Ihnen auf Insta und TikTok im Namen der Gesundheit Pulver und Pillen verkaufen will.",2026-03-03 09:06:00+00:00,"Wie wir wissen, ist für Sesselpupser wie mich (mit Bürojob) nicht nur Sport, sondern jede Bewegung (selbst Spazierengehen) äußerst gesund. Man muss es nur machen. Denn leider lässt sich körperliche E… [+512 chars]",,,,,,,,,,,,,,,,,2026
Trendencias.com,"Carlos Jaramillo, experto en medicina funcional: ""Esta es mi fórmula para vivir más y mejor: cardio en zona 2 + fuerza""",Sara Hormigo,"Cada vez son más los doctores y expertos en longevidad que comienzan a hablar de la llamada 'zona 2', pero ¿a qué se refieren con esto? ""La 'zona 2' cuida mitocondrias, mejora la energía"", dice el doctor Carlos Jaramillo, experto en medicina funcional en uno …",2026-03-10 19:01:54+00:00,"Cada vez son más los doctores y expertos en longevidad que comienzan a hablar de la llamada 'zona 2', pero ¿a qué se refieren con esto? ""La 'zona 2' cuida mitocondrias, mejora la energía"", dice el do… [+2504 chars]",,,,,,,,,,,,,,,,,2026
CHIP Online Deutschland,Fasten mit Diabetes: Worauf Sie achten sollten,Meara-Sophia Betz,"Fasten kann für Menschen mit Diabetes Chancen und Risiken zugleich bedeuten. Entscheidend sind eine ärztliche Begleitung, angepasste Medikamente und regelmäßige Blutzuckerkontrollen.",2026-02-18 19:45:00+00:00,"Ob in der christlichen Fastenzeit, im Ramadan oder im Rahmen von Intervallfasten: Viele Menschen verzichten zeitweise auf Nahrung. Für Menschen mit Diabetes ist das jedoch keine reine Glaubens- oder … [+2519 chars]",,,,,,,,,,,,,,,,,2026
CHIP Online Deutschland,Olivenöl-Zitronen-Shot: Ein neues Wundermittel für die Gesundheit?,Lourdes Wiesner,"Die Mischung aus Olivenöl und Zitrone klingt zwar nicht besonders appetitlich, aber viele schwören zurzeit darauf. Doch was steckt wirklich hinter dem Hype?",2026-02-24 06:20:00+00:00,"Diverse Influencer setzen auf den Olivenöl-Zitronen-Shot, besonders morgens auf nüchternen Magen oder vor dem Zubettgehen. Er verspricht laut web.de eine strahlende Haut sowie eine bessere Verdauung.… [+1945 chars]",,,,,,,,,,,,,,,,,2026
Faz.net,Ernährung von Schwangeren: „Ohne Zucker und Weizen dauert die Geburt vier bis sechs Stunden“,Alexandra Lindner,"Frank Louwen ist Leiter der Geburtshilfe an der Uniklinik Frankfurt und Namensgeber einer „Diät“, die er nie erfunden hat. Was wirklich hinter seiner Empfehlung steckt und weshalb Frauen nicht im Liegen gebären sollten.",2026-03-02 05:18:08+00:00,"Herr Louwen, Sie empfehlen Schwangeren, in den letzten Wochen vor der Geburt auf Industriezucker und Weizen zu verzichten. Warum?
Frauen, die in der Schwangerschaft eine Zuckerkrankheit haben egal o… [+1078 chars]",,,,,,,,,,,,,,,,,2026
mindbodygreen.com,The Future Of Cancer Treatment Could Involve Your Morning Coffee,https://www.mindbodygreen.com/wc/caroline-igo,Here's the science behind why caffeine could eventually power personalized medicine,2026-03-05 10:06:00+00:00,What if your morning cup of coffee could do more than just help you start the day off right? Scientists are saying that one day it might help activate a cancer treatment inside your body. This intrig… [+4513 chars],,,,,,,,,,,,,,,,,2026
mindbodygreen.com,Heart Disease Will Affect 60% of Women by 2050 — Unless We Do This,https://www.mindbodygreen.com/wc/caroline-igo,Here's what the new American Heart Association projections mean for you&nbsp;,2026-02-25 21:52:00+00:00,"A new scientific statement from the American Heart Association just dropped a stat that might make you pause: by 2050, nearly 6 in 10 U.S. women are projected to have some form of cardiovascular dise… [+4635 chars]",,,,,,,,,,,,,,,,,2026
Science Daily,Scientists say this simple diet change could transform your gut health,,"A growing trend called “fibermaxxing” is putting dietary fiber in the spotlight—and for good reason. Fiber plays a powerful role in keeping the body healthy, from supporting digestion and feeding beneficial gut microbes to helping regulate blood sugar and cho…",2026-03-08 19:57:15+00:00,"How much fiber you eat can strongly influence your overall health. Fiber supports healthy digestion and has been linked to a lower risk of certain cancers, among many other benefits. That growing awa… [+5764 chars]",,,,,,,,,,,,,,,,,2026
Nature.com,A copula based supervised filter for feature selection in machine learning driven diabetes risk prediction,"Agnideep Aich, Md. Monzur Murshed, Sameera Hewage, Amanda Mayeaux",Scientific Reports - A copula based supervised filter for feature selection in machine learning driven diabetes risk prediction,2026-03-05 00:00:00+00:00,"<li>International Diabetes Federation. IDF Diabetes Atlas 11th edn. (International Diabetes Federation, Brussels, 2025).
Google Scholar 
</li><li>CDC. CDC Diabetes Health Indicators (2017). https:/… [+8800 chars]",,,,,,,,,,,,,,,,,2026
Terra.com.br,Este chá vem se tornando um poderoso remédio natural para diabéticos,Giro 10,"O chá vermelho rooibos, conhecido em alguns lugares apenas como toobios ou ""chá vermelho africano"", chama cada vez mais a atenção de pessoas com diabetes no Brasil.",2026-02-20 14:02:32+00:00,"O chá vermelho rooibos, conhecido em alguns lugares apenas como toobios ou ""chá vermelho africano"", chama cada vez mais a atenção de pessoas com diabetes no Brasil. Extraído de um arbusto nativo da Á… [+6312 chars]",,,,,,,,,,,,,,,,,2026
The Indian Express,Farmers’ column: A ‘purple’ revolution: 27-yr-old reaping rewards of a new and unusual seed potato variety,Anju Agnihotri Chaba,"According to the farmer, the production of purple potatoes can lead to earnings anywhere between Rs 6 to 20 lakh per acre depending upon the quality and marketing.",2026-03-08 05:00:02+00:00,"Punjab, particularly its Doaba region, has long been known as a major hub for seed potatoes, traditionally producing several varieties that are mostly brown on the outside and white or yellow inside.… [+7556 chars]",,,,,,,,,,,,,,,,,2026
Yahoo Entertainment,Tandem Diabetes Care Q4 Earnings Call Highlights,,No description available.,2026-02-20 04:08:42+00:00,"If you click 'Accept all', we and our partners, including 245 who are part of the IAB Transparency &amp; Consent Framework, will also store and / or access information on a device (in other words, us… [+1046 chars]",,,,,,,,,,,,,,,,,2026
Terra.com.br,"Integrante do grupo Barbatuques, Marcelo Pretto morre aos 58 anos",Portal Terra,"Músico estava internado em estado gravíssimo em decorrência de sua diabetes; ele faleceu neste domingo, 8, em São Paulo",2026-03-08 16:18:32+00:00,"O músico Marcelo Pretto, integrante do grupo Barbatuques, morreu neste domingo, 8, aos 58 anos, em São Paulo, em decorrência de complicações do diabetes. A informação foi divulgada pelo Barbatuques n… [+1626 chars]",,,,,,,,,,,,,,,,,2026
Boredpanda.com,“Is There More To It Beyond Grief?”: Photos Of Kelly And Sharon Osbourne Continue To Raise Alarm Among Friends,Rocio Corsi,"“Why this cadaverous-looking woman was up on stage, next to her similarly frail mother, instead of under strict medical care,” Times of London columnist Hadley Freeman said.",2026-03-12 21:40:54+00:00,"The Osbourne family has been in the spotlight for decades, but recent public appearances by Sharon and Kelly Osbourne have sparked a new wave of concern among fans and insiders.
After the passing of… [+7024 chars]",,,,,,,,,,,,,,,,,2026
Yahoo Entertainment,Medtronic’s diabetes business MiniMed looks for $784m in US IPO,,No description available.,2026-02-25 12:31:28+00:00,"If you click 'Accept all', we and our partners, including 246 who are part of the IAB Transparency &amp; Consent Framework, will also store and / or access information on a device (in other words, us… [+1046 chars]",,,,,,,,,,,,,,,,,2026
Rolling Stone,"One Year After Michelle Trachtenberg’s Death, Sarah Michelle Gellar Is Still Mourning",Angie Martoccio,"""You may not have been with us long enough, but we will make sure everyone remembers,"" Gellar said of her Buffy the Vampire Slayer co-star",2026-02-26 23:32:50+00:00,"Sarah Michelle Gellar paid tribute to her Buffy the Vampire Slayer co-star Michelle Trachtenberg on the one-year anniversary of her death. 
“I’m not sure how it’s been a year,” she wrote on Instagra… [+1529 chars]",,,,,,,,,,,,,,,,,2026
Naturalnews.com,The protein puzzle: Why getting the right amount from the right sources matters,Evangelyn Rodriguez,"Animal protein is often wrongly considered superior to plant-based sources, despite studies showing plant proteins reduce cardiovascular risks and promote longevity. Most people consume excess protein, especially animal-based sources, which are linked to high…",2026-03-05 06:00:00+00:00,"<ul><li>Animal protein is often wrongly considered superior to plant-based sources, despite studies showing plant proteins reduce cardiovascular risks and promote longevity.</li><li>Most people consu… [+5014 chars]",,,,,,,,,,,,,,,,,2026
Okdiario.com,¿Trasplantes “cyborg” contra la diabetes?,parrasergi,Una malla electrónica integrada en organoides pancreáticos abre la puerta a terapias celulares más precisas y sincronizadas.,2026-02-23 10:00:00+00:00,"Creado:
23.02.2026 | 11:00
Actualizado:
23.02.2026 | 11:00
En el horizonte de la medicina regenerativa, donde la biología conversa con la ingeniería, surge una pregunta que hasta hace poco perten… [+4998 chars]",,,,,,,,,,,,,,,,,2026
Observador.pt,"Lei do esquecimento inclui cancro, VIH, diabetes e hepatite",Agência Lusa,"A proposta do PS teve os votos a favor do PS e Chega e contra do PSD. Os sociais-democratas acusam os socialistas de apenas selecionar algumas doenças, enquanto o ""governo inclui todas as doenças"".",2026-03-12 18:30:31+00:00,"Pacientes que tenham sido diagnosticados com doença oncológica, diabetes, hepatite C, ou VIH deverão passar a ter as mesmas condições de acesso a crédito e contratos de seguros, de acordo com as alte… [+2156 chars]",,,,,,,,,,,,,,,,,2026
Lenta,Популярный препарат для похудения связали со снижением риска проблем с сердцем,Екатерина Графская,"Сочетание препаратов из группы агонистов рецепторов GLP-1 — к которым относится, в частности, семаглутид («Оземпик») — и здорового образа жизни значительно снижает риск сердечно-сосудистых осложнений у людей с диабетом 2 типа. К такому выводу пришли исследова…",2026-02-26 14:40:57+00:00,"GLP-1 , , («») - 2 . . The Lancet Diabetes &amp; Endocrinology (TLDE).
 98 - . GLP-1- , , , , , .
, , «» , 43 , - , .
 . GLP-1 16 , 60 . , , .
, «» .",,,,,,,,,,,,,,,,,2026
Trendencias.com,Uno de cada cuatro españoles toma estatinas para bajar el colesterol. Este fármaco podría hacer que pierdas fuerza y masa muscular,Sara Hormigo,"La estatina se considera el medicamento por excelencia para bajar los niveles de colesterol LDL (“malo”) y además se utiliza para prevenir infartos, accidentes cardiovasculares y muerte cardiovascular en personas que tienen un riesgo moderado o alto. En Españ…",2026-02-20 09:00:10+00:00,"La estatina se considera el medicamento por excelencia para bajar los niveles de colesterol LDL (malo) y además se utiliza para prevenir infartos, accidentes cardiovasculares y muerte cardiovascular … [+4204 chars]",,,,,,,,,,,,,,,,,2026
mindbodygreen.com,Add This To Your Daily Routine To Combat Inflammation & Prevent Disease,https://www.mindbodygreen.com/wc/morgan-chamberlain,These healthy fats pack an anti-inflammatory punch.,2026-02-28 11:20:00+00:00,"Though their list of health benefits is long, omega-3 fatty acids are perhaps best known for their anti-inflammatory properties. But how, exactly, do these healthy fats help modulate and mitigate chr… [+2934 chars]",,,,,,,,,,,,,,,,,2026
Eatingwell.com,"6 Things to Do When You Wake Up If You Have Chronic Inflammation, According to Dietitians","Barbie Cervoni, M.S., RD, CDN, CDE",Manage your inflammation and set a positive tone for your day with these simple morning habits.,2026-02-24 06:00:00+00:00,"Reviewed by Dietitian Mandy Enright, M.S., RDN, RYT
Credit: Getty Images. EatingWell design.
Key Points
<ul><li>Inflammation can wreak havoc on the body, and tweaking your morning routine may help… [+6683 chars]",,,,,,,,,,,,,,,,,2026
Scientific American,A single course of antibiotics may reshape the gut microbiome for years,Lori Youmshajekian,A study in Sweden found that some antibiotics affected microbial diversity in the gut more than others,2026-03-11 10:00:00+00:00,"Antibiotics are designed to wipe out infection-causing bacteria, but even a single course can leave a lasting mark on the gut microbiome, according to a new study of nearly 15,000 adults in Sweden.
… [+4774 chars]",,,,,,,,,,,,,,,,,2026
Okdiario.com,"El secreto de los 100 años está en la sangre: descubren las 37 proteínas que actúan como un ""escudo"" contra el envejecimiento",scruzcampillo,"¿Es la longevidad extrema una cuestión de suerte o de blindaje molecular? Un análisis proteómico ha identificado un grupo de 37 proteínas en la sangre de los centenarios que frenan la inflamación y el deterioro celular, actuando como un escudo biológico contr…",2026-03-05 16:32:00+00:00,"¿Qué diferencia el cuerpo de una persona que alcanza los cien años con una salud envidiable del de alguien que comienza a deteriorarse décadas antes? Durante mucho tiempo, la respuesta se ha buscado … [+4742 chars]",,,,,,,,,,,,,,,,,2026
Nature.com,Insulin resistance prediction from wearables and routine blood biomarkers,"Ahmed A. Metwally, A. Ali Heydari, Daniel McDuff, Alexandru Solot, Zeinab Esmaeilpour, Anthony Z. Faranesh, Menglian Zhou, Girish Narayanswamy, Maxwell A. Xu, Xin Liu, Yuzhe Yang, David B. Savage, Mark Malhotra, Conor Heneghan, Shwetak Patel, Cathy Speed, Javier L. Prieto","A machine-learning model that integrates data from wearable devices (such as smartwatches) with blood biomarkers and demographic data can predict whether someone has insulin resistance, enabling timely lifestyle interventions to prevent progression to type 2 …",2026-03-16 00:00:00+00:00,"Remote recruitment of participants through the GHS platform
The study protocol was approved by Advarra (IRB no. Pro00074093). Participants were recruited using the Google Health Services (GHS) and t… [+33558 chars]",,,,,,,,,,,,,,,,,2026
Naturalnews.com,Diabetes-friendly pantry: How shelf-stable foods can stabilize blood sugar,Cassie B.,"A well-stocked pantry of non-perishables is key for diabetes management during emergencies or daily life. Combine healthy carbs, protein, and fiber in meals to prevent dangerous blood sugar spikes. Essential items include legumes like chickpeas, canned protei…",2026-03-09 06:00:00+00:00,"<ul><li>A well-stocked pantry of non-perishables is key for diabetes management during emergencies or daily life.</li><li>Combine healthy carbs, protein, and fiber in meals to prevent dangerous blood… [+4386 chars]",,,,,,,,,,,,,,,,,2026
Vox,More young women are dying from heart disease — and people are missing these warning signs,Dylan Scott,"You know what a pink ribbon signifies. Breast cancer, right? Now what about a red dress? Did you come up with heart disease? No? Don’t worry: You’re not alone. Heart disease is the leading killer of cisgender American women — and that trend shows no signs of …",2026-03-05 19:40:52+00:00,"You know what a pink ribbon signifies. Breast cancer, right? Now what about a red dress?

Did you come up with heart disease? No? Don’t worry: You’re not alone.

Heart disease is the leading killer o… [+11196 chars]",,,,,,,,,,,,,,,,,2026
Die Zeit,Studie: Hamburger Kinder häufiger übergewichtig,DIE ZEIT: News -,Hier finden Sie Informationen zu dem Thema „Studie“. Lesen Sie jetzt „Hamburger Kinder häufiger übergewichtig“.,2026-03-03 13:13:53+00:00,"In Hamburg sind nach Krankenkassenangaben mehr Kinder und Jugendliche krankhaft übergewichtig als im Bundesdurchschnitt. So hätten in der Hansestadt im Jahr 2024 3,4 Prozent der unter 15-Jährigen mit… [+808 chars]",,,,,,,,,,,,,,,,,2026
Naturalnews.com,The body’s whispered warnings: Decoding early diabetes signals,Willow Tohi,"Diabetes often announces itself through subtle, early warning signs long before a formal diagnosis. Key symptoms include persistent fatigue, excessive thirst and urination, unexplained weight changes and intense hunger or sugar cravings. Other significant ind…",2026-02-27 06:00:00+00:00,"<ul><li>Diabetes often announces itself through subtle, early warning signs long before a formal diagnosis.</li><li>Key symptoms include persistent fatigue, excessive thirst and urination, unexplaine… [+4726 chars]",,,,,,,,,,,,,,,,,2026
ScienceAlert,Common Diabetes Drug Linked With 'Exceptional Longevity' in Women,David Nield,"Not only can the drug metformin help to effectively manage type 2 diabetes, but it may also give older women a better chance of living to the grand old age of 90, according to research published in 2025 – thanks, it seems, to a variety of anti-aging effects.",2026-02-17 22:19:06+00:00,"Not only can the drug metformin help to effectively manage type 2 diabetes, but it may also give older women a better chance of living to the grand old age of 90, according to research published in 2… [+3119 chars]",,,,,,,,,,,,,,,,,2026
Prevention.com,Scientists Say to Stop Eating After This Time to Boost Heart Health,Korin Miller,"Here, experts explain the best time to stop eating for the day for your heart health. Here’s what you need to know about the latest research.",2026-02-22 12:30:00+00:00,"""Hearst Magazines and Yahoo may earn commission or revenue on some items through these links.""
Theres been talk for years about the importance of stopping eating at a certain time before you go to b… [+5873 chars]",,,,,,,,,,,,,,,,,2026
Science Daily,Scientists discover why high altitude protects against diabetes,,"Living at high altitude appears to protect against diabetes, and scientists have finally discovered the reason. When oxygen levels drop, red blood cells switch into a new metabolic mode and absorb large amounts of glucose from the blood. This helps the body c…",2026-02-21 13:43:47+00:00,"For years, researchers have observed that people who live at high elevations, where oxygen is scarce, tend to develop diabetes less often than those at sea level. Although the trend was well document… [+5452 chars]",,,,,,,,,,,,,,,,,2026
Expansion.com,El orforglipron es más eficaz que la semaglutida contra la obesidad y la diabetes,Marga Castillo,"La píldora antiobesidad orforglipron, de la familia de los análogos del GLP-1, que imitan el efecto de esta hormona y quitan el hambre, reduce más los niveles de azúcar en sangre y el peso corporal que la semaglutida, el antiobesidad GLP-1 de referencia y en …",2026-02-26 11:54:13+00:00,"La píldora antiobesidad orforglipron, de la familia de los análogos del GLP-1, que imitan el efecto de esta hormona y quitan el hambre, reduce más los niveles de azúcar en sangre y el peso corporal q… [+6878 chars]",,,,,,,,,,,,,,,,,2026
Technews.tw,糖尿病人工智慧模型導入基層醫療，健康存摺加入 Gemini 衛教助理,陳 冠榮,Google 在台營運至今 20 年，站在下一個 20 年的起點，Google 攜手公部門，計劃把 AI 從實驗室推向臨床，守護台灣全民健康。 健保署 2024 年中旬開始，與 Google 合作開發 AI-on-DM（AI on Diabetes Melitus，意即「糖尿病人工智慧」）。健保署以...,2026-03-04 10:19:59+00:00,"Google 20 20 Google AI 
 2024 Google AI-on-DMAI on Diabetes Melitus 3 2 AI 
 20 25 40 3 2 AI 1 24 
App Google Gemini DCSI 
Google AI 
Google Google.org 100 300 200 24 
Google AI Google MedLM AI… [+37 chars]",,,,,,,,,,,,,,,,,2026
Prevention.com,Scientists Find a Deficiency in This Vitamin Increases Inflammation,Madeleine Haase,"Research shows that vitamin D deficiency may cause inflammation, increasing your risk for chronic diseases. Here's what they found, plus how to up your...",2026-03-04 14:11:00+00:00,"<ul><li>Low vitamin D levels may contribute to chronic inflammation, according to a study.
</li><li>Researchers found that vitamin D deficiency increases levels of key inflammatory markers and that … [+6076 chars]",,,,,,,,,,,,,,,,,2026
Trendencias.com,"Patricio Ochoa, cirujano y experto en longevidad: ""La cruda realidad es que la dieta y la alimentación sí juegan un papel importante, pero el ejercicio lo es más porque es la principal herramienta para vivir más años""",Sara Hormigo,"Cuando hablamos de vivir más años no solo estamos pensando en sumar días en el calendario sino agregarles vitalidad, energía y bienestar. Moverse regularmente activa todo nuestro organismo: nuestro corazón se fortalece, previene problemas cardioavasculares, d…",2026-02-18 16:00:58+00:00,"Cuando hablamos de vivir más años no solo estamos pensando en sumar días en el calendario sino agregarles vitalidad, energía y bienestar. Moverse regularmente activa todo nuestro organismo: nuestro c… [+2736 chars]",,,,,,,,,,,,,,,,,2026
New Scientist,Inflammation might cause Alzheimer's – here's how to reduce it,Michael Le Page,"Persistent inflammation in the gut, lungs and skin might lead to Alzheimer's disease, but lifestyle choices - from getting vaccinated to eating well - can keep inflammation under control",2026-03-06 17:09:16+00:00,"Keeping you sharp may be an unexpected, but welcome, side effect of vaccines
Jozef Polc / Alamy
There is growing evidence that ongoing inflammation in various parts of the body might trigger Alzhei… [+3340 chars]",,,,,,,,,,,,,,,,,2026
Naturalnews.com,“A.G.E.S. Fall Conference” on BrightU: The natural cholesterol and diabetes treatment Big Pharma desperately hides,Jacob Thomas,"On Day 12 of “A.G.E.S. Fall Conference Docuseries,” Dr. Bryan Ardis presented clinical data showing Guggul resin significantly improved lipid profiles by reducing harmful cholesterol and triglycerides. He stated Guggul resin outperformed statin drugs in trial…",2026-02-27 06:00:00+00:00,"<ul><li>On Day 12 of ""A.G.E.S. Fall Conference Docuseries,"" Dr. Bryan Ardis presented clinical data showing Guggul resin significantly improved lipid profiles by reducing harmful cholesterol and trig… [+5358 chars]",,,,,,,,,,,,,,,,,2026
Www.vg.no,Slik forebygger du arvelig diabetes,Hans Petter Treider,"Selv om du er arvelig disponert, kan du redusere risikoen for type 2-diabetes. Også etter at sykdommen har rammet, kan du i mange tilfeller bli kvitt den. Nå er det også hjelp å få for de med type 1-diabetes.",2026-03-07 12:45:03+00:00,"Redaktøransvar
VG har ikke ansvar for innhold på eksterne nettsider som det lenkes til. Kopiering av materiale fra VG for bruk annet sted, crawling, skraping, indeksering (for eksempel tekst og data… [+46 chars]",,,,,,,,,,,,,,,,,2026
mindbodygreen.com,"Eating This Way Could Lower Risk Of Gastric Cancer By Almost 30%, Study Finds",https://www.mindbodygreen.com/wc/sarah-regan,Yet another reason to adopt the diet.,2026-03-02 10:15:00+00:00,"As Hippocrates once said, ""Let food be thy medicine and medicine be thy food."" Indeed, certain foods can help keep your health where you want itbut which foods, exactly?
According to research publis… [+2269 chars]",,,,,,,,,,,,,,,,,2026
Science Daily,Scientists discover protein that triggers diabetic blindness,,"A newly identified protein may hold the key to preventing diabetic blindness. Researchers discovered that LRG1 triggers the earliest damage in diabetic retinopathy by constricting tiny retinal blood vessels and reducing oxygen supply. In mice, shutting down t…",2026-03-07 09:48:42+00:00,"Researchers led by scientists at UCL have discovered a protein that appears to set off diabetic retinopathy, a common eye disease caused by high blood sugar damaging the retina's blood vessels. The c… [+5134 chars]",,,,,,,,,,,,,,,,,2026
Scientific American,Dealing with stress-caused sickness in family caregivers,Lydia Denworth,"People who help sick, aging loved ones are at risk for physical illness themselves. There may be ways to improve their resilience",2026-02-17 11:00:00+00:00,"This article was made possible by the support of Yakult and produced independently by Scientific American’s board of editors.
My mother lived with Alzheimer’s disease for 12 years. Even with a lot o… [+6057 chars]",,,,,,,,,,,,,,,,,2026
mindbodygreen.com,This Critical Amino Acid May Increase Life Expectancy — Do You Get Enough Of It?,https://www.mindbodygreen.com/wc/francesca-bond,Don't sleep on taurine.,2026-02-23 10:08:00+00:00,"Just because aging is inevitable doesn't mean there's nothing we can do to help slow the processbut there's one amino acid that may be very helpful for warding off the top side effects of aging.
Her… [+3289 chars]",,,,,,,,,,,,,,,,,2026
Parade,'I’m a Cardiologist—Here Are My 3 Favorite Heart-Healthy Snacks That Require Minimal Prep',Emily Laurence,Here's how to satisfy a craving while supporting your heart.,2026-03-06 19:25:00+00:00,"Snacking gets a bad rap. More time and energy are spent on making full meals, but snacks are expected to be readily available and quick to make, often leading to unhealthy choices.
Most people dont … [+6982 chars]",,,,,,,,,,,,,,,,,2026
Buzzfeed,29 Totally Responsible Purchases That’ll Make You Feel Exceptionally “Adult”,Melanie Aman,A supportive pair of sneakers is just what the doctor ordered. But it doesn't hurt if said sneakers are super cute.View Entire Post ›,2026-02-21 16:31:02+00:00,"BuzzFeed editor Jenae Sitzes says, ""I've had my microchip pet feeders from Sure Petcare for a couple of months now, and while it was a pricey investment, it's been worth every single penny and has al… [+1775 chars]",,,,,,,,,,,,,,,,,2026
Abril.com.br,"Em rápido crescimento, obesidade deve atingir 228 milhões de crianças e jovens até 2040",Paula Felix,"Atlas da Federação Mundial da Obesidade alerta para o risco de doenças cardiovasculares e diabetes em idade precoce; no Brasil, condição afeta 16,5 milhões",2026-03-04 17:10:51+00:00,"Pular para o conteúdo
Mês do Consumidor: VEJA por apenas 9,90DESDE CEDO -Obesidade infantil: reflexo do consumo exagerado de guloseimas, salgadinhos e afins (ljubaphoto/Getty Images)
Continua após … [+4581 chars]",,,,,,,,,,,,,,,,,2026
Observador.pt,Diabetes. Inspeções a medicamentos geram participações ao MP,Agência Lusa,"Inspeções decorreram do relato de falhas no abastecimento de medicamentos em particular do Ozempic e Trulicity e do dispositivo médico Freestyle para automonitorização da glicemia, segundo o Infarmed.",2026-03-13 07:38:36+00:00,"O Infarmed realizou, em 2025, 89 inspeções após reporte de falhas no abastecimento de medicamentos para a diabetes, que resultaram em 19 participações ao Ministério Público por suspeita de sobrefatur… [+4074 chars]",,,,,,,,,,,,,,,,,2026
New Scientist,Sharing genetic risk scores can unwittingly reveal secrets,Frank Swain,"Statistics that quantify a person’s predisposition to diseases such as diabetes and cancer can be reverse-engineered to reveal the underlying genetic data, prompting privacy concerns",2026-03-10 17:00:37+00:00,"Genetic data can be analysed to estimate your risk of certain conditions
Science Photo Library / Alamy
Genetic risk scores that summarise a persons likelihood of getting certain health conditions c… [+3163 chars]",,,,,,,,,,,,,,,,,2026
Die Zeit,Adipositas: Krankenkasse: Es gibt immer mehr Übergewichtige,DIE ZEIT: News -,Hier finden Sie Informationen zu dem Thema „Adipositas“. Lesen Sie jetzt „Krankenkasse: Es gibt immer mehr Übergewichtige“.,2026-03-04 02:35:04+00:00,"Immer mehr Menschen in Rheinland-Pfalz, Hessen und dem Saarland leiden nach Angaben der Krankenkasse IKK Südwest unter Übergewicht. Die Zahl die Diagnosen bei ihren Versicherten sei von 2019 bis 2024… [+1962 chars]",,,,,,,,,,,,,,,,,2026
Directoalpaladar.com,Ni dietas ni libros de autoayuda: la mano como guía para calcular el tamaño de nuestras raciones,Gabriela Gottau,"La cantidad al momento de alimentarnos es tan importante como la calidad si queremos cuidar la salud, y para ello, solemos apuntarnos el número de raciones que debemos consumir, los gramos de cada alimento u otros métodos que no son producto de dietas, ni nut…",2026-03-15 18:01:54+00:00,"La cantidad al momento de alimentarnos es tan importante como la calidad si queremos cuidar la salud, y para ello, solemos apuntarnos el número de raciones que debemos consumir, los gramos de cada al… [+3839 chars]",,,,,,,,,,,,,,,,,2026
Naturalnews.com,"The power of apples: Nature’s superfood for weight loss, heart health and disease prevention",Patrick Lewis,"High fiber and water content promote satiety, reduce overeating and lower LDL cholesterol without the side effects of statin drugs. Polyphenols like epicatechin lower blood pressure and reduce heart disease mortality as effectively as statins, but without syn…",2026-03-13 06:00:00+00:00,"<ul><li>High fiber and water content promote satiety, reduce overeating and lower LDL cholesterol without the side effects of statin drugs.</li><li>Polyphenols like epicatechin lower blood pressure a… [+6428 chars]",,,,,,,,,,,,,,,,,2026
Futurity: Research News,New injectable bandages could cut bleeding time by up to 70%,Texas A&M University,"""If these materials get into the first aid kits in an ambulance as well as a soldier's backpack, they can save a lot of lives.""",2026-02-28 19:08:16+00:00,"Researchers are developing emergency injectable bandages that could decrease bleeding time by as much as 70% and revolutionize the future of trauma care.
Traumatic injury is the third leading cause … [+4781 chars]",,,,,,,,,,,,,,,,,2026
Directoalpaladar.com,"Esta nutricionista tiene claro se puede tener una alimentación 100% vegetal perfectamente saludable, para vivir más y mejor",Inés Vazquez Noya,"En un momento donde la información sobre la alimentación abunda, las redes sociales no solo amplifican voces, sino que también polarizan, convirtiéndose en un terreno fértil para la desinformación y mitos nutricionales impulsados a menudo por perfiles sin for…",2026-03-07 16:01:38+00:00,"En un momento donde la información sobre la alimentación abunda, las redes sociales no solo amplifican voces, sino que también polarizan, convirtiéndose en un terreno fértil para la desinformación y … [+3775 chars]",,,,,,,,,,,,,,,,,2026
Huffingtonpost.es,¿Después de la cara llegan los 'dientes de Ozempic'? Un dentista revela los problemas dentales que pueden provocar estos fármacos,Redacción HuffPost,"En los últimos años, los medicamentos como la semaglutida (Ozempic o Wegovy) o la tirzepatida (Mounjaro) se han convertido en fármacos habituales para tratar la diabetes y la obesidad, pero también como método para perder peso rápido especialmente…",2026-02-17 16:10:01+00:00,"En los últimos años, los medicamentos como la semaglutida (Ozempic o Wegovy) o la tirzepatida (Mounjaro) se han convertido en fármacos habituales para tratar la diabetes y la obesidad, pero también c… [+1666 chars]",,,,,,,,,,,,,,,,,2026
Scientific American,"Women’s heart health, Artemis update, female reindeer antlers mystery","Kendra Pierre-Louis, Sushmita Pathak, Alex Sugiura","What a worrying forecast says about women’s heart health, what’s happening with NASA’s Artemis II moon mission and why female reindeer have antlers",2026-03-02 11:00:00+00:00,"Kendra Pierre-Louis: For Scientific American’s Science Quickly, I’m Kendra Pierre-Louis, in for Rachel Feltman. You’re listening to our weekly science news roundup.
First up, a worrying prediction a… [+11436 chars]",,,,,,,,,,,,,,,,,2026
The Indian Express,Soha Ali Khan shares a glimpse of her current bedtime routine to ‘sleep better’: ‘Someone (with healthy disposable income)…’,Lifestyle Desk,"Sleep is influenced by multiple factors, including stress levels, screen time, caffeine intake, and overall lifestyle habits",2026-02-26 15:30:17+00:00,"Soha Ali Khan, 47, recently shared a glimpse of her current bedtime routine, which she has started following on someone’s advice. “Someone (with healthy disposable income) said kiwis and blueberries … [+2197 chars]",,,,,,,,,,,,,,,,,2026
Observador.pt,Impacto de antibióticos no intestino pode durar até 8 anos,Agência Lusa,Investigadores suecos analisaram quase 15 mil pessoas e descobriram que certos antibióticos deixam vestígios duradouros no intestino — com possíveis ligações à diabetes tipo 2.,2026-03-11 18:49:53+00:00,"A toma de antibióticos pode afetar a composição da comunidade bacteriana intestinal, o microbioma intestinal, durante um período que pode ir até aos oito anos consoante os medicamentos utilizados, in… [+2224 chars]",,,,,,,,,,,,,,,,,2026
Okdiario.com,Investigadores del Broad Institute y Harvard revelan como la microbiota puede encender la quema de energia en el tejido adiposo,scruzcampillo,"¿Es posible que el secreto para perder peso no esté solo en lo que comemos, sino en los mensajes que nuestro intestino envía a nuestras células? Un interruptor biológico oculto podría ser la clave para transformar la grasa que almacenamos en energía lista par…",2026-03-11 07:25:00+00:00,"Durante décadas, la lucha contra la obesidad se ha centrado en una ecuación aparentemente sencilla de calorías ingeridas frente a calorías gastadas. Sin embargo, la ciencia ha comenzado a desvelar po… [+6058 chars]",,,,,,,,,,,,,,,,,2026
Science Daily,Fathers’ tobacco use linked to metabolic changes in their children,,"A new study in mice suggests that a father’s nicotine exposure could influence the metabolic health of his children. Researchers found that when male mice consumed nicotine, their offspring showed changes in how their bodies handled sugar, including differenc…",2026-03-15 05:42:15+00:00,"New research published in the Journal of the Endocrine Society suggests that a father's nicotine exposure could influence how his offspring process sugar. In a mouse study, scientists found that pate… [+3264 chars]",,,,,,,,,,,,,,,,,2026
mindbodygreen.com,5 Healthy Foods To Help Regulate Blood Sugar Levels Naturally,https://www.mindbodygreen.com/wc/merrellreadman,It all comes down to pairings.,2026-03-02 10:08:00+00:00,"Blood sugar and glucose spikes are intricately tied to the foods you're eating, with some ingredients being more likely to cause a sharp increase than others, leading to a subsequent crash.
While bl… [+5891 chars]",,,,,,,,,,,,,,,,,2026
CHIP Online Deutschland,Olivenöl-Zitronen-Shot: Das neue Wundermittel für die Gesundheit?,Lourdes Wiesner,"Die Mischung aus Olivenöl und Zitrone klingt zwar nicht besonders appetitlich, aber viele schwören zurzeit darauf. Doch was steckt wirklich hinter dem Hype?",2026-02-22 07:00:00+00:00,"Diverse Influencer setzen auf den Olivenöl-Zitronen-Shot, besonders morgens auf nüchternen Magen oder vor dem Zubettgehen. Er verspricht laut web.de eine strahlende Haut sowie eine bessere Verdauung.… [+1945 chars]",,,,,,,,,,,,,,,,,2026
Faz.net,Ernährung in der Schwangerschaft: „Ohne Zucker und Weizen dauert die Geburt vier bis sechs Stunden“,Alexandra Lindner,"Frank Louwen ist Leiter der Geburtshilfe an der Uniklinik Frankfurt und Namensgeber einer „Diät“, die er nie erfunden hat. Was wirklich hinter seiner Empfehlung steckt und weshalb Frauen nicht im Liegen gebären sollten.",2026-03-02 05:18:08+00:00,"Herr Louwen, Sie empfehlen Schwangeren, in den letzten Wochen vor der Geburt auf Industriezucker und Weizen zu verzichten. Warum?
Frauen, die in der Schwangerschaft eine Zuckerkrankheit haben egal o… [+1078 chars]",,,,,,,,,,,,,,,,,2026
Yahoo Entertainment,Here’s Why The Brown Capital Management Small Company Fund Sold Tandem Diabetes Care (TNDM),Soumya Eswaran,"Brown Capital Management, an investment management company, released its fourth quarter 2025 investor letter for “The Brown Capital Management Small Company ...",2026-02-23 14:19:43+00:00,"Brown Capital Management, an investment management company, released its fourth quarter 2025 investor letter for The Brown Capital Management Small Company Fund. A copy of the letter can be downloade… [+3117 chars]",,,,,,,,,,,,,,,,,2026
Scientific American,How does kidney disease actually work?,"Deboki Chakravarti, Mary Budwick, Fonda Mwangi, Jeffery DelViscio",Your kidneys silently filter 150 quarts of blood every single day — but what happens when they stop working?,2026-03-17 10:00:00+00:00,"This video is part of “Innovations In: Kidney Disease,” an editorially independent special report that was produced with financial support from Vertex.
Imagine it’s the first day of summer, and you … [+5913 chars]",,,,,,,,,,,,,,,,,2026
Mental Floss,7 Women Who Changed Medicine Forever,Nitya Rao,"Meet seven trailblazing women who transformed medicine, from the first female doctors to Nobel Prize–winning scientists.",2026-03-11 18:38:37+00:00,"Medicine hasnt always been a level playing fieldfor patients or doctors. For centuries, women faced barriers just for studying, practicing, or researching medicine. Yet a handful of trailblazers brok… [+7389 chars]",,,,,,,,,,,,,,,,,2026
mindbodygreen.com,Study Reveals The Precise Sleep Duration Linked to Better Blood Sugar,https://www.mindbodygreen.com/wc/ava-durgin-writer,Read this before you hit snooze,2026-03-10 09:02:00+00:00,"Most of us have a complicated relationship with sleep. We cut corners during the week, then try to sleep off the deficit on Saturday morning, telling ourselves it all evens out. It's a pattern so com… [+3791 chars]",,,,,,,,,,,,,,,,,2026
Scientific American,How drugs like Ozempic are revolutionizing kidney treatment,Tara Haelle,Three types of diabetes medication are improving the outlook for patients with kidney disease,2026-03-17 11:00:00+00:00,"This article is part of “Innovations In: Kidney Disease,” an editorially independent special report that was produced with financial support from Vertex.
More than one in seven people in the U.S. ha… [+12950 chars]",,,,,,,,,,,,,,,,,2026
Science Daily,Is bubble tea bad for you? New research raises red flags,,"That photogenic cup of bubble tea may come with hidden downsides. Tapioca pearls made from cassava can absorb heavy metals like lead, and in large amounts they may slow digestion or even cause blockages. The drink is often loaded with sugar—sometimes more tha…",2026-03-01 14:45:49+00:00,"Bubble tea shops are now nearly as common on British high streets as coffee chains, drawing crowds with colorful, photo friendly drinks in endless flavor combinations. The Taiwanese beverage, which b… [+4341 chars]",,,,,,,,,,,,,,,,,2026
Faz.net,Ozempic und Wegovy: Kilos kommen nach Absetzen von Abnehmspritzen schnell wieder,dpa,"Mit Abnehmspritzen purzeln Pfunde. Doch die Behandlung muss vermutlich lebenslang fortgesetzt werden, sonst droht das Gewicht wieder rasant zu steigen. Ein kleines Minus lässt sich womöglich retten.",2026-03-05 05:52:56+00:00,Nach dem Absetzen von Abnehmspritzen nehmen Patienten schnell wieder zu bewahren aber einer Studie zufolge womöglich etwa ein Viertel des Gewichtsverlusts längerfristig. Ein Jahr nach Therapiestopp s… [+3282 chars],,,,,,,,,,,,,,,,,2026
Xataka.com,España se prepara para pedir el DNI para comprar bebidas energéticas: el Ministerio de Consumo quiere prohibirlas para menores de 16 años,Javier Jiménez,"Desde hace años, España (Occidente, en general) tiene un problema con las bebidas energéticas. Según los datos de 2025, el 38,4% de estudiantes de 14 a 18 años declara haberlas consumido en los últimos 30 días. Y eso se nota en las ventas: el año pasado se ve…",2026-02-25 11:19:47+00:00,"Desde hace años, España (Occidente, en general) tiene un problema con las bebidas energéticas. Según los datos de 2025, el 38,4% de estudiantes de 14 a 18 años declara haberlas consumido en los últim… [+4376 chars]",,,,,,,,,,,,,,,,,2026
mindbodygreen.com,Your Brain Wants You To Skip This Common Sweetener—Science Agrees,https://www.mindbodygreen.com/wc/ava-durgin-writer,"Plus, a smarter way to satisfy your sweet tooth",2026-03-04 00:11:00+00:00,"If youve ever opted for erythritol instead of regular sugar in hopes of being a little kinder to your blood sugar, youre not alone. This sugar alcohol has become a staple in everything from keto prot… [+3527 chars]",,,,,,,,,,,,,,,,,2026
Olhardigital.com.br,Estudo aponta que “Ozempic genérico” pode custar menos de R$ 16 por mês,Rodrigo Mozelli,"Análise britânica aponta que a semaglutida injetável, princípio ativo dos medicamentos, poderia custar entre R$ 147,62 a R$ 738,12 por ano O post Estudo aponta que “Ozempic genérico” pode custar menos de R$ 16 por mês apareceu primeiro em Olhar Digital.",2026-03-07 01:53:49+00:00,"Siga o Olhar Digital no Google Discover
Um novo estudo indica que versões genéricas das canetas Ozempic e Wegovy, medicamentos da farmacêutica Novo Nordisk usados no tratamento de diabetes tipo 2 e … [+4533 chars]",,,,,,,,,,,,,,,,,2026
Scientific American,More kidney patients are having healthy babies after years of discouragement from doctors,Cassandra Willyard,Care innovations have allowed many more people with kidney disease to become parents. But pregnancy still carries risks,2026-03-17 10:00:00+00:00,"This article is part of “Innovations In: Kidney Disease,” an editorially independent special report that was produced with financial support from Vertex.
Harriett Oppenheim wasn’t sure she would eve… [+13250 chars]",,,,,,,,,,,,,,,,,2026
Naturalnews.com,Green powerhouse: How a compound in common vegetables could help reverse diabetes,Zoey Sky,"Cruciferous vegetables like broccoli, Brussels sprouts and kale contain a powerful compound called sulforaphane. This natural substance is created when you chew or chop these vegetables, converting a precursor molecule called glucoraphanin into its active for…",2026-03-03 06:00:00+00:00,"<ul><li>Cruciferous vegetables like broccoli, Brussels sprouts and kale contain a powerful compound called sulforaphane. This natural substance is created when you chew or chop these vegetables, conv… [+6998 chars]",,,,,,,,,,,,,,,,,2026
Yahoo Entertainment,Why Tandem Diabetes Care Stock Popped Today,,No description available.,2026-02-21 03:19:10+00:00,"If you click 'Accept all', we and our partners, including 245 who are part of the IAB Transparency &amp; Consent Framework, will also store and / or access information on a device (in other words, us… [+1046 chars]",,,,,,,,,,,,,,,,,2026
Naturalnews.com,Coconut water: A natural ally in managing blood sugar and supporting overall wellness,Patrick Lewis,"Coconut water has a low glycemic index (GI ~55) and contains bioactive compounds (cytokinins, flavonoids) that support steady glucose metabolism, making it a safer alternative to processed sugars and synthetic diabetes drugs. Rich in potassium (404mg/cup), ma…",2026-02-20 06:00:00+00:00,"<ul><li>Coconut water has a low glycemic index (GI ~55) and contains bioactive compounds (cytokinins, flavonoids) that support steady glucose metabolism, making it a safer alternative to processed su… [+6321 chars]",,,,,,,,,,,,,,,,,2026
Lesswrong.com,The optimal age to freeze eggs is 19,,"If you're a woman interested in preserving your fertility window beyond its natural close in your early 40s, egg freezing is one of your best options…",2026-03-09 14:38:11+00:00,"If you're a woman interested in preserving your fertility window beyond its natural close in your early 40s, egg freezing is one of your best options. But if you rely on your doctor to tell you when … [+10265 chars]",,,,,,,,,,,,,,,,,2026
Faz.net,Alzheimer: Sind Alzheimer-Mittel wirklich nicht nützlich?,Pia Heinemann,Experten des Gemeinsamen Bundesausschusses sehen keinen Zusatznutzen für das Alzheimermedikament Lecanemab. Wie es nun weiter geht.,2026-02-19 14:37:47+00:00,"In Fachkreisen gelten Antikörper zur Behandlung von Alzheimer als Meilenstein. Sie attackieren die Ursache der Erkrankung und können den Patienten helfen, länger selbständig zu leben. Doch der Gemein… [+5688 chars]",,,,,,,,,,,,,,,,,2026
Observador.pt,Défice de sono atinge mais de metade da população,Agência Lusa,"Especialistas alertam que a insuficiência de sono potencia outras patologias metabólicas, como a diabetes e obesidade, e cardiovasculares, como o enfarte, arritmias e insuficiência cardíaca.",2026-03-10 19:20:59+00:00,"Mais de metade dos portugueses tem défice de sono, um problema de saúde pública que tem razões socioeconómicas e que representa um risco de surgimento de doenças metabólicas e cardiovasculares, alert… [+3188 chars]",,,,,,,,,,,,,,,,,2026
Okdiario.com,La epidemia del sueño perdido: los adolescentes de ahora están durmiendo menos que los adolescentes de antes y eso tiene consecuencias en la salud,parrasergi,"Un amplio estudio en Estados Unidos revela que cada vez más estudiantes de secundaria duermen menos de lo recomendado. Las consecuencias van más allá del cansancio: afectan al cerebro, al estado de ánimo y al futuro bienestar de toda una generación.",2026-03-09 08:00:00+00:00,"Creado:
9.03.2026 | 09:00
Actualizado:
9.03.2026 | 09:00
Durante décadas, dormir ocho horas fue casi un pacto biológico incuestionable en la vida cotidiana de los adolescentes. Las noches en vela… [+6201 chars]",,,,,,,,,,,,,,,,,2026
Deadline,Sarah Michelle Gellar Remembers ‘Buffy’ Co-Star Michelle Trachtenberg One Year After Her Death: “I’m Not Sure How It’s Been A Year”,Armando Tinoco,"Sarah Michelle Gellar paid tribute to Michelle Trachtenberg on February 26, one year after her death. The Buffy the Vampire Slayer star remembered not only working with her on the supernatural series but on the ABC drama All My Children. “I’m not sure how it’…",2026-02-26 18:00:00+00:00,"Sarah Michelle Gellar paid tribute to Michelle Trachtenberg on February 26, one year after her death.
The Buffy the Vampire Slayer star remembered not only working with her on the supernatural serie… [+1313 chars]",,,,,,,,,,,,,,,,,2026
Science Daily,Sugary drinks linked to rising anxiety in teens,,"Sugary drinks may be linked to more than just physical health problems in teens. A new review of multiple studies found a consistent association between high consumption of beverages like soda, energy drinks, sweetened juices, and flavored milks and increased…",2026-02-18 14:45:27+00:00,A new study reports a clear association between high sugar drink intake and anxiety symptoms in teenagers.Researchers from Bournemouth University collaborated on a large review that examined findings… [+2573 chars],,,,,,,,,,,,,,,,,2026
Twistedsifter.com,A Mom Got A Glucose Monitor Because She Was Worried Her Teenage Son Has Diabetes,Matthew Gilligan,Good thing she ended up taking her son to see a doctor!,2026-03-14 20:47:16+00:00,"TikTok/@sugarssidequests
We all know moms have tough jobs when it comes to raising kids, and keeping an eye on their health and wellbeing is a huge part of the gig.
And when the mom you’re about to… [+2007 chars]",,,,,,,,,,,,,,,,,2026
Lenta,Раскрыт способ достигнуть здоровой продолжительности сна,Александра Лисица,"Эксперт по здоровому образу жизни Никола Эллиотт раскрыла способ достигнуть здоровой продолжительности сна, защищающей от диабета. Ее цитирует издание Metro",2026-03-06 05:30:27+00:00,", . Metro.
 , , 19 . , , , .
 , , , . , , . , , , .
 , 7 19 , , BMJ Open Diabetes Research &amp; Care. , 23,5 20 80 .",,,,,,,,,,,,,,,,,2026
The New Yorker,Why Is the American Diet So Deadly?,Dhruv Khullar,"Studies have linked them to obesity, diabetes, depression, and even dementia. Dhruv Khullar reports on a revolution in nutrition science that aims to fix America’s deadly diet.",2026-02-20 15:49:40+00:00,"A focus on a foods level of processing can lead to odd conclusions, however. Julie Hess, a research nutritionist at the U.S. Department of Agriculture, has pointed out that ultra-processed food puts … [+3605 chars]",,,,,,,,,,,,,,,,,2026
Scientific American,Online influencer faces confirmation hearing for surgeon general in U.S. Senate,Dan Vergano,"The U.S. Senate is holding a confirmation hearing today for wellness influencer Casey Means, the Trump administration’s pick for surgeon general",2026-02-25 12:00:00+00:00,"Wellness influencer Casey Means, who left a medical residency to pursue alternative medicine, will appear today at a U.S. Senate confirmation hearing on her nomination for U.S. surgeon general. Her o… [+4506 chars]",,,,,,,,,,,,,,,,,2026
Okdiario.com,Se descubre el número óptimo de horas de sueño para evitar la diabetes tipo 2,parrasergi,"Un amplio estudio poblacional sugiere que dormir ni mucho ni poco podría marcar la diferencia en la prevención de la resistencia a la insulina, antesala de la diabetes tipo 2. Pero el sueño “de recuperación” del fin de semana podría alterar ese delicado equil…",2026-03-04 11:04:03+00:00,"Creado:
4.03.2026 | 12:04
Actualizado:
4.03.2026 | 12:04
Hay algo profundamente misterioso en el acto de dormir: cada noche, el cuerpo se repliega, la conciencia se atenúa y el organismo emprende… [+5782 chars]",,,,,,,,,,,,,,,,,2026
Faz.net,Das Beste lesen mit FAZ+: Für wen sich freiwillige Rentenbeiträge lohnen und was die Louwen-Diät ausmacht,Carsten Knop,Mit unserem Angebot FAZ+ erhalten Sie jeden Monat Zugriff auf mehr als 1000 exklusive Beiträge auf FAZ.NET. Unter anderem auf diese beliebtesten Stücke der Woche.,2026-03-07 07:39:33+00:00,"Liebe Leserin, lieber Leser, Frank Louwen ist Leiter der Geburtshilfe an der Uniklinik Frankfurt und Namensgeber einer Diät, die er nie erfunden hat. Was wirklich hinter seiner Empfehlung steckt und … [+3643 chars]",,,,,,,,,,,,,,,,,2026
Directoalpaladar.com,"Orforglipron, la nueva pastilla que ayuda mejor a perder peso y controlar el azúcar en sangre que la semaglutida de Ozempic",Liliana Fuchs,"El listado de fármacos para perder peso basados en la supresión del apetito no deja de crecer, con la industria enfocándose ahora a ofrecer soluciones más cómodas, como el formato en pastillas. Además, a la semaglutida, el medicamento en que se basan Ozempic,…",2026-02-26 12:00:56+00:00,"El listado de fármacos para perder peso basados en la supresión del apetito no deja de crecer, con la industria enfocándose ahora a ofrecer soluciones más cómodas, como el formato en pastillas. Ademá… [+2960 chars]",,,,,,,,,,,,,,,,,2026
mindbodygreen.com,"Your Metabolism Needs A Daily Dose Of Sunshine, According To Study",https://www.mindbodygreen.com/wc/sarah-regan,Yet another good reason to get outside.,2026-03-11 09:24:00+00:00,"From providing us with vitamin D to simply brightening our lives, sunlight has earned a well-deserved spot in the well-being conversation. But research may have just discovered one more reason to get… [+3313 chars]",,,,,,,,,,,,,,,,,2026
Die Zeit,Niedersachsen: Diagnose krankhaftes Übergewicht: 900.000 Menschen betroffen,DIE ZEIT: News -,Hier finden Sie Informationen zu dem Thema „Niedersachsen“. Lesen Sie jetzt „Diagnose krankhaftes Übergewicht: 900.000 Menschen betroffen“.,2026-03-02 12:29:25+00:00,In Niedersachsen haben etwa 900.000 Menschen laut ärztlicher Diagnose mit krankhaftem Übergewicht zu kämpfen. Landesweit habe nach dem Gesundheitsatlas Deutschland des Wissenschaftlichen Instituts de… [+1877 chars],,,,,,,,,,,,,,,,,2026
Hurriyet.com.tr,Yeni araştırma heyecanlandırdı: Diyabette tarihi dönüm noktası mı? Ezber bozan sonuç,hurriyet.com.tr,"Stanford Medicine imzalı yeni bir araştırma, Tip 1 diyabet tedavisinde ezber bozabilecek bir yöntemi gündeme taşıdı. Bilim insanları, farelerde uygulanan “çifte nakil” yaklaşımıyla hem insülin üretimini geri getirdiklerini hem de bağışıklık sistemini susturdu…",2026-03-01 05:43:52+00:00,"Bu yüzden ekip, laboratuvarda kök hücrelerden daha çok islet hücresi üretmek veya nakledilen hücrelerin vücutta daha uzun süre canl kalmasn salamak gibi çözümler üzerinde çalyor. Ayn yaklamn romatoid… [+244 chars]",,,,,,,,,,,,,,,,,2026
Die Zeit,Landgericht Frankfurt: Gericht spricht Familie nach Tod von 21-Jähriger schuldig,DIE ZEIT: News -,Hier finden Sie Informationen zu dem Thema „Landgericht Frankfurt“. Lesen Sie jetzt „Gericht spricht Familie nach Tod von 21-Jähriger schuldig“.,2026-03-03 15:01:07+00:00,Fast zehn Jahre nach dem Tod einer jungen Frau mit Behinderung ist ihre Familie vom Frankfurter Landgericht verurteilt worden. Die Eltern wurden wegen fahrlässiger Tötung durch Unterlassen zu mehrjäh… [+1068 chars],,,,,,,,,,,,,,,,,2026
BBC News,"Relying on drugs to stop obesity would be 'societal failure', says Chris Whitty",,England's top doctor says the drugs should be for a minority and more effort is needed to prevent obesity in the first place.,2026-03-06 15:00:32+00:00,"Speaking at the Medical Journalists' Association annual lecture, Sir Chris said he was worried about obesity as there is an ""optimal weight"" for healthy living, with larger waistlines increasing the … [+62 chars]",,,,,,,,,,,,,,,,,2026
Die Zeit,Übergewicht bei Kindern: Adipositas bei Vorschulkindern wieder auf Vor-Corona-Niveau,DIE ZEIT: News -,Hier finden Sie Informationen zu dem Thema „Übergewicht bei Kindern“. Lesen Sie jetzt „Adipositas bei Vorschulkindern wieder auf Vor-Corona-Niveau“.,2026-03-03 11:50:39+00:00,Nach einer deutlichen Zunahme während der Corona-Pandemie haben inzwischen wieder weniger Kinder im Vorschulalter starkes Übergewicht. Bei der Schuleingangsuntersuchung für das Schuljahr 2025/2026 se… [+786 chars],,,,,,,,,,,,,,,,,2026
Terra.com.br,Canetas para obesidade estarão disponíveis para tratamento em três hospitais do SUS; veja onde,Estadão Conteúdo,"Instituições selecionadas irão oferecer tratamento com semaglutida, priorizando pacientes com diabetes e doenças cardiovasculares",2026-03-04 17:26:11+00:00,"A Novo Nordisk, fabricante das canetas de semaglutida (princípio ativo do Ozempic e do Wegovy), fechou um acordo com três hospitais públicos brasileiros para a implementação do tratamento medicamento… [+4362 chars]",,,,,,,,,,,,,,,,,2026
Xataka.com,Creíamos que los fármacos GLP-1 iban a cambiar solo la obesidad. Acaban de poner patas arriba cómo tratamos las adicciones,José A. Lizana,"Los famosos agonistas del receptor GLP-1, entre los que destacan algunos protagonistas como el Ozempic, han revolucionado el tratamiento de la diabetes de tipo 2 y de la obesidad. Sin embargo, desde hace tiempo pacientes y médicos venían reportando un ""efecto…",2026-03-06 09:01:39+00:00,"Los famosos agonistas del receptor GLP-1, entre los que destacan algunos protagonistas como el Ozempic, han revolucionado el tratamiento de la diabetes de tipo 2 y de la obesidad. Sin embargo, desde … [+3962 chars]",,,,,,,,,,,,,,,,,2026
TMZ,"Harvey Weinstein Says He Was Punched By Inmate In Jail, Blood Everywhere",TMZ Staff,"Harvey Weinstein says prison life has been brutal so far -- claiming he’s already taken a beating behind bars ... including one attack that left him bloodied on the floor. In his first official sit-down interview behind bars, Weinstein says the…",2026-03-10 15:53:34+00:00,"Harvey Weinstein says prison life has been brutal so far -- claiming hes already taken a beating behind bars ... including one attack that left him bloodied on the floor.
In his first official sit-d… [+1918 chars]",,,,,,,,,,,,,,,,,2026
Nature.com,Author Correction: Targeting QKI-7 in vivo restores endothelial cell function in diabetes,"Chunbo Yang, Magdalini Eleftheriadou, Sophia Kelaini, Thomas Morrison, Marta Vilà González, Rachel Caines, Nicola Edwards, Andrew Yacoub, Kevin Edgar, Arya Moez, Aleksandar Ivetic, Anna Zampetaki, Lingfang Zeng, Fiona L. Wilkinson, Noemi Lois, Alan W. Stitt, David J. Grieve, Andriana Margariti",Nature Communications - Author Correction: Targeting QKI-7 in vivo restores endothelial cell function in diabetes,2026-02-25 00:00:00+00:00,"The Wellcome-Wolfson Institute of Experimental Medicine, Belfast, BT9 7BL, UK
Chunbo Yang, Magdalini Eleftheriadou, Sophia Kelaini, Thomas Morrison, Marta Vilà González, Rachel Caines, Andrew Yacoub… [+513 chars]",,,,,,,,,,,,,,,,,2026
Olhardigital.com.br,Como será o programa para oferecer Wegovy no SUS,Daniel Junqueira,"Projeto piloto vai funcionar por dois anos, mas nem todo mundo vai ter acesso ao medicamento; confira como será O post Como será o programa para oferecer Wegovy no SUS apareceu primeiro em Olhar Digital.",2026-03-08 17:54:00+00:00,"Siga o Olhar Digital no Google Discover
Se você acompanha as notícias sobre saúde, provavelmente já ouviu falar do Wegovy (a semaglutida injetável). Recentemente, a fabricante do remédio, a Novo Nor… [+1860 chars]",,,,,,,,,,,,,,,,,2026
New Scientist,How worried should you be about your BMI?,Carissa Wong,"Body mass index (BMI) is used as a global standard for measuring health, but does it actually tell you anything about how healthy you are on an individual level? Carissa Wong explains the problems with this flawed tool",2026-03-12 18:00:59+00:00,"Simple measurements don’t always tell the whole story
Lee Charlie/Shutterstock
I consider myself a healthy person. I eat plenty of fruit and veg, am obsessed with fibre, rock climb twice a week and… [+4231 chars]",,,,,,,,,,,,,,,,,2026
Trendencias.com,"Sara Marin, doctora experta en microbiota: ""Mezcla el kéfir con cúrcuma, jengibre, pimienta negra y granada y tendrás el cóctel perfecto para la inflamación crónica""",Anabel Palomares,"Aunque llevamos años viéndolo en el supermercado, en los últimos meses el kéfir se ha convertido en uno de los alimentos fermentados más populares y uno de los más recomendados por expertos. Y no porque sea un probiótico, sino porque es capaz de transformar n…",2026-02-19 19:00:21+00:00,"Aunque llevamos años viéndolo en el supermercado, en los últimos meses el kéfir se ha convertido en uno de los alimentos fermentados más populares y uno de los más recomendados por expertos. Y no por… [+2459 chars]",,,,,,,,,,,,,,,,,2026
Nature.com,NPM3 functions as a lactyltransferase to promote necroptosis in male diabetic cardiomyopathy mice models via FASN transcription modulation,"Hongjiao Xu, Xinyu Jiang, Fangrui Wang, Fufen Meng, Yue Liu, Jiechun Huang, Jinbao Li, Minmin Zhu",NPM3 promotes histone lactylation (H3K18la/K27la) and drives FASN transcription and cardiomyocyte necroptosis in diabetic cardiomyopathy. Targeting this pathway with dihydroartemisinin alleviates cardiac dysfunction.,2026-03-09 00:00:00+00:00,"<li>Unnikrishnan, R., Anjana, R. M. &amp; Mohan, V. Diabetes mellitus and its complications in India. Nat. Rev. Endocrinol.12, 357370 (2016).
Google Scholar 
</li><li>GBD 2015 Obesity Collaborators… [+9296 chars]",,,,,,,,,,,,,,,,,2026
Alltoc.com,What causes sudden sight loss linked to Wegovy? #health,AllToc,Researchers identify a possible optic‑nerve blood‑flow problem A recent analysis found a markedly higher rate of abrupt vision loss among people using one formulation of semaglutide sold for weight management than among users of a related diabetes product tha…,2026-03-12 00:08:11+00:00,A recent analysis found a markedly higher rate of abrupt vision loss among people using one formulation of semaglutide sold for weight management than among users of a related diabetes product that c… [+1424 chars],,,,,,,,,,,,,,,,,2026
Naturalnews.com,The sleep crisis: How poor rest fuels chronic disease and mental decline,Evangelyn Rodriguez,"Chronic sleep loss disrupts immunity, cognition, metabolism and mental health, increasing risks of diabetes, heart disease and neurodegenerative disorders. Artificial light, screens, caffeine and erratic schedules disrupt natural sleep cycles, leading to fati…",2026-03-15 06:00:00+00:00,"<ul><li>Chronic sleep loss disrupts immunity, cognition, metabolism and mental health, increasing risks of diabetes, heart disease and neurodegenerative disorders.</li><li>Artificial light, screens, … [+6135 chars]",,,,,,,,,,,,,,,,,2026
Xataka.com,Ni curar ni morir: por qué la próxima gran revolución contra el cáncer consiste en hacerlo crónico,José A. Lizana,"Si preguntamos a alguien cuál es el objetivo de la medicina frente al cáncer, la respuesta es casi automática: curarlo, hacerlo desaparecer o ganar la guerra contra esta enfermedad tan devastadora. Sin embargo, en los laboratorios de biología molecular y en l…",2026-02-21 15:00:08+00:00,"Si preguntamos a alguien cuál es el objetivo de la medicina frente al cáncer, la respuesta es casi automática: curarlo, hacerlo desaparecer o ganar la guerra contra esta enfermedad tan devastadora. S… [+6404 chars]",,,,,,,,,,,,,,,,,2026
Terra.com.br,Estudo desafia ideia de que frango é opção mais saudável que carne vermelha; entenda,Simples Conteudo,"A carne vermelha é rotulada como prejudicial à saúde por décadas, enquanto o frango, ao longo ...",2026-02-25 07:58:13+00:00,"A carne vermelha é rotulada como prejudicial à saúde por décadas, enquanto o frango, ao longo dos anos, ganhou fama de opção mais leve e adequada para quem precisa controlar a alimentação. Um novo es… [+2320 chars]",,,,,,,,,,,,,,,,,2026
Naturalnews.com,The fiber gap: Why whole foods outshine supplements for optimal health,Patrick Lewis,"Fiber is a critical yet overlooked health powerhouse, offering benefits like digestive regularity, reduced inflammation, lower cholesterol and protection against chronic diseases (diabetes, colon cancer). Modern diets fall dangerously short—averaging just 14g…",2026-02-28 06:00:00+00:00,"<ul><li>Fiber is a critical yet overlooked health powerhouse, offering benefits like digestive regularity, reduced inflammation, lower cholesterol and protection against chronic diseases (diabetes, c… [+5252 chars]",,,,,,,,,,,,,,,,,2026
Xataka.com,El reloj biológico y el alcohol: qué le pasa exactamente a tu cuerpo si sigues bebiendo a partir de los 65 años,José A. Lizana,"El alcohol está bastante normalizado en nuestra sociedad al estar a la venta al público siempre que se sea mayor de edad, y casi siempre porque lo asociamos al propio ocio. Pero la verdad es que hablamos de una droga que tiene importantes efectos nocivos sobr…",2026-02-22 16:30:51+00:00,"El alcohol está bastante normalizado en nuestra sociedad al estar a la venta al público siempre que se sea mayor de edad, y casi siempre porque lo asociamos al propio ocio. Pero la verdad es que habl… [+6029 chars]",,,,,,,,,,,,,,,,,2026
ABC News (AU),Driver says those killed in 'incomprehensible tragedy' are with him always,Laura Mayers,The driver who was behind the wheel of a car that ploughed into a group of people outside a central Victorian pub has detailed his sorrow over the crash.,2026-03-10 05:49:58+00:00,"A man who lost control of his vehicle before veering into two families and killing five people has apologised to those impacted by the crash, calling it an ""incomprehensible tragedy"". 
William Herbe… [+5097 chars]",,,,,,,,,,,,,,,,,2026
Alltoc.com,Can weight‑loss drugs treat addiction? #science,AllToc,Emerging evidence that GLP‑1 drugs curb substance use Multiple lines of research suggest that medicines developed for diabetes and obesity—known as GLP‑1 receptor agonists—may also reduce harmful substance use. Large observational analyses of health records a…,2026-03-08 06:04:38+00:00,Multiple lines of research suggest that medicines developed for diabetes and obesityknown as GLP1 receptor agonistsmay also reduce harmful substance use. Large observational analyses of health record… [+1640 chars],,,,,,,,,,,,,,,,,2026
Lifesciencesworld.com,What wild animals get diabetes?,Noah Whitman,"What Wild Animals Get Diabetes? Understanding Diabetes in Wildlife The harsh reality is that diabetes isn’t exclusive to humans; it affects a surprising number of wild animal species. While less common than in domesticated animals, diabetes has been documente…",2026-02-18 04:47:47+00:00,"The harsh reality is that diabetes isn’t exclusive to humans; it affects a surprising number of wild animal species. While less common than in domesticated animals, diabetes has been documented in a … [+10478 chars]",,,,,,,,,,,,,,,,,2026
Trendencias.com,Ni Red Bull ni Monster: Consumo prohibirá la venta de bebidas energéticas a menores de 16 años,María Yuste,El último barómetro de la Agencia Española de Seguridad Alimentaria y Nutrición sorprendía hace unos días con el dato de que nueve de cada diez personas en España está de acuerdo con restringir el consumo de bebidas energéticas a menores. Algo que también con…,2026-02-25 11:57:09+00:00,El último barómetro de la Agencia Española de Seguridad Alimentaria y Nutrición sorprendía hace unos días con el dato de que nueve de cada diez personas en España está de acuerdo con restringir el co… [+2112 chars],,,,,,,,,,,,,,,,,2026
Trendencias.com,"Mario Alonso Puig, cirujano: ""La falta de ejercicio físico acorta la vida por más que nos cueste reconocerlo, sobre todo a los que no nos gusta mucho hacer ejercicio""",Sara Hormigo,"“El ejercicio físico alarga la vida, el sedentarismo la acorta"". De hecho, este último ""es uno de los factores más importantes”, sentencia el médico cirujano Mario Alonso Puig, experto en longevidad, en uno de los podcast donde colaboró recientemente. <!-- BR…",2026-03-09 09:13:46+00:00,"El ejercicio físico alarga la vida, el sedentarismo la acorta"". De hecho, este último ""es uno de los factores más importantes, sentencia el médico cirujano Mario Alonso Puig, experto en longevidad, e… [+4580 chars]",,,,,,,,,,,,,,,,,2026
Yahoo Entertainment,Medtronic plc (MDT) Gains Momentum Through Diabetes and Cardiovascular Operations,,No description available.,2026-02-23 20:33:36+00:00,"If you click 'Accept all', we and our partners, including 246 who are part of the IAB Transparency &amp; Consent Framework, will also store and / or access information on a device (in other words, us… [+1046 chars]",,,,,,,,,,,,,,,,,2026
Scientific American,"Newly diagnosed kidney patients struggle with heavy burdens, from dialysis to distress",Charlotte Huff,Kidney damage can sneak up on people without symptoms. A new diagnosis can mean major limits on how a person lives,2026-03-17 10:00:00+00:00,"This article is part of “Innovations In: Kidney Disease,” an editorially independent special report that was produced with financial support from Vertex.
Alex Berrios arrives at the dialysis clinic … [+14081 chars]",,,,,,,,,,,,,,,,,2026
Neatorama.com,Figuring Out the Pancreas Got Violent at Times,Miss Cellania,"Ancient anatomists knew about the pancreas. Not only did we butcher animals long before we had writing, but humans were also studied after death. Still, they didn't know what the organ was for- maybe it was just padding between other organs. German anatomist …",2026-03-02 23:51:17+00:00,"Ancient anatomists knew about the pancreas. Not only did we butcher animals long before we had writing, but humans were also studied after death. Still, they didn't know what the organ was for- maybe… [+780 chars]",,,,,,,,,,,,,,,,,2026
Eatingwell.com,"7 Foods to Buy Every Week If You Want to Lose Visceral Fat, According to Dietitians","Elizabeth Shaw, M.S., RDN, CPT",Level up your nutrition and stock up on these 7 foods to help lose visceral fat.,2026-02-28 13:00:00+00:00,"Reviewed by Dietitian Mandy Enright, M.S., RDN, RYT
Credit: Getty Images. EatingWell design.
Key Points
<ul><li>Visceral fat raises risk for heart disease, diabetes, fatty liver disease and cancer… [+6856 chars]",,,,,,,,,,,,,,,,,2026
Directoalpaladar.com,"Los mejores consejos para llevar al trabajo comidas baratas, pero saludables",Gabriela Gottau,"En medio de una apretada agenda y viviendo en un mundo acelerado, tomarnos el tiempo para preparar comidas saludables puede ser un gran desafío. Por eso, organizarnos y aprovechar diferentes recursos puede ser clave para lograr platos sanos y económicos para…",2026-02-23 07:00:51+00:00,"En medio de una apretada agenda y viviendo en un mundo acelerado, tomarnos el tiempo para preparar comidas saludables puede ser un gran desafío.  Por eso, organizarnos y aprovechar diferentes recurso… [+7765 chars]",,,,,,,,,,,,,,,,,2026
Science Daily,Your morning coffee could one day help fight cancer,,"Scientists at Texas A&amp;M are turning an everyday pick-me-up into a high-tech medical switch. By combining caffeine with CRISPR gene editing, researchers have created a system that allows cells to be programmed in advance — and then activated simply by cons…",2026-02-28 14:03:20+00:00,Could something as common as coffee play a role in treating cancer? Scientists at the Texas A&amp;M Health Institute of Biosciences and Technology believe it might. Their research combines caffeine w… [+6354 chars],,,,,,,,,,,,,,,,,2026
Yahoo Entertainment,Novo Nordisk A/S (NVO) Announces FDA Approval of Three New Indications for Sogroya,Noor Ul Ain Rehman,Novo Nordisk A/S (NYSE:NVO) is one of the best cheap stocks under $50 to buy right now. Novo Nordisk A/S (NYSE:NVO) announced on February 27 that the US Food...,2026-03-01 09:27:56+00:00,Novo Nordisk A/S (NYSE:NVO) is one of the best cheap stocks under $50 to buy right now. Novo Nordisk A/S (NYSE:NVO) announced on February 27 that the US Food and Drug Administration approved three ne… [+2159 chars],,,,,,,,,,,,,,,,,2026
Olhardigital.com.br,Anvisa aprova medicamento que retarda surgimento do diabetes,Layse Ventura,"Tzield, da Sanofi, é o primeiro imunomodulador a agir na causa da doença, adiando em média dois anos o diagnóstico clínico de pacientes O post Anvisa aprova medicamento que retarda surgimento do diabetes apareceu primeiro em Olhar Digital.",2026-03-10 22:57:52+00:00,"Siga o Olhar Digital no Google Discover
A Anvisa (Agência Nacional de Vigilância Sanitária) aprovou o registro do teplizumabe, comercializado sob o nome Tzield, o primeiro medicamento capaz de modif… [+2266 chars]",,,,,,,,,,,,,,,,,2026
Faz.net,„Hart aber Fair“: Letzter Ausweg Abnehmspritze,Pia Heinemann,"Brauchen wir eine Zuckersteuer, Werbeverbote, mehr Bildung oder Transparenz, um weniger übergewichtige Kinder und Erwachsene zu haben?",2026-02-24 02:57:12+00:00,"Fragen Sie mal in Ihrem Bekanntenkreis, wer für und wer gegen eine Zuckersteuer ist.  Glaubt man einer recht aktuellen Forsa-Umfrage, so werden Sie kaum jemanden finden, der sich gegen einen Zuckerau… [+8380 chars]",,,,,,,,,,,,,,,,,2026
tagesschau.de,Mediziner werben vor CDU-Parteitag für Softdrink-Steuer,tagesschau.de,Mehr als 33 Kilogramm Zucker konsumieren die Menschen in Deutschland pro Jahr. Besonders beliebt und problematisch: Limonaden. Nun setzen sich Mediziner und Verbände vor dem CDU-Parteitag für eine Abgabe auf Softdrinks ein.,2026-02-18 11:00:24+00:00,"Stand: 18.02.2026 12:00 Uhr
Mehr als 33 Kilogramm Zucker konsumieren die Menschen in Deutschland pro Jahr. Besonders beliebt und problematisch: Limonaden. Nun setzen sich Mediziner und Verbände vor … [+2204 chars]",,,,,,,,,,,,,,,,,2026
mindbodygreen.com,Taking This Daily Helps Prevent (& Possibly Reverse) Cognitive Decline,https://www.mindbodygreen.com/wc/molly-knudsen,And you probably haven't heard of it before.,2026-02-20 10:20:00+00:00,"Not-so-obvious risk factors for poor cognition and brain health are actually measures of heart health, blood vessel (aka vascular) health, and metabolismlike high cholesterol, hypertension, and diabe… [+2983 chars]",,,,,,,,,,,,,,,,,2026
Spring.org.uk,These Food Additives Are Linked To 62% Faster Cognitive Decline (M),Mina Dean,"Memory and verbal fluency may be particularly vulnerable to this dietary component. Low- and no-calorie sweeteners used as sugar substitutes were thought to be a useful strategy to help with weight loss and manage type 2 diabetes. However, long-term consumpti…",2026-02-28 18:00:12+00:00,Memory and verbal fluency may be particularly vulnerable to this dietary component. Low- and no-calorie sweeteners used as sugar substitutes were thought to be a useful strategy to help with weight l… [+253 chars],,,,,,,,,,,,,,,,,2026
CBS News,FDA warns Novo Nordisk over unreported potential Ozempic side effects,Emily Mae  Czachor,"The FDA issued a warning letter to Novo Nordisk, the Danish drugmaker behind the diabetes and weight-loss medications Ozempic and Wegovy, over unreported potential side effects.",2026-03-10 17:50:52+00:00,"Novo Nordisk, the pharmaceutical company behind Ozempic, has received a warning letter from the U.S. Food and Drug Administration over issues with its procedures for reporting potential side effects … [+2248 chars]",,,,,,,,,,,,,,,,,2026
Okdiario.com,Se descubre la razón de que las personas que viven a más altitud tienen menos diabetes,parrasergi,Un hallazgo científico revela cómo la altura transforma a los glóbulos rojos en inesperados guardianes del azúcar en sangre.,2026-02-19 21:31:27+00:00,"Creado:
19.02.2026 | 22:31
Actualizado:
19.02.2026 | 22:31
En las cumbres donde el aire se vuelve tenue y cada bocanada exige un esfuerzo adicional, el organismo humano activa un engranaje biológ… [+4414 chars]",,,,,,,,,,,,,,,,,2026
Scientific American,"GLP-1 diabetes medications lower risk of all kinds of substance use disorders, study finds",Lauren J. Young,"A large epidemiological study of more than 600,000 veterans with diabetes suggests GLP-1 weight-loss medications may reduce drug- and alcohol-related overdoses and deaths",2026-03-04 23:30:00+00:00,"From online forums to the clinic, people have reported that diabetes and weight-loss drugs such as Ozempic and Wegovy can dramatically quell their compulsive behaviors—including cravings for alcohol … [+5188 chars]",,,,,,,,,,,,,,,,,2026
Scientific American,What Is VO₂ max? Why it matters for winter Olympians and regular people,Matt Fuchs,"VO2 max is an important measure of aerobic conditioning, whether you’re an Olympian or just a person hoping to stay healthy",2026-02-18 11:15:00+00:00,"From skating to curling, the thrilling sports of the Winter Olympics have plenty of science behind them. Follow our coverage here to learn more.
When ski mountaineering, or skimo, debuts at the 2026… [+4958 chars]",,,,,,,,,,,,,,,,,2026
Business Insider,The mostly ignored treatment for drinking too much,estewart@insider.com (Emily Stewart),"People are using GLP-1s to cut back on alcohol use disorder, but there are already three FDA-approved drugs: naltrexone, acamprosate, and disulfiram.",2026-02-19 09:07:01+00:00,"To some extent, Americans are talking about alcohol more than ever. We're having open conversations about the negative health impacts of drinking. People are consuming less booze overall and examinin… [+11853 chars]",,,,,,,,,,,,,,,,,2026
Telepolis.de,Heilung statt Therapie: Stanford-Forscher kehren Typ-1-Diabetes um,Kai Imhoff,Forscher programmierten das Immunsystem von Mäusen neu – und machten damit selbst fortgeschrittenen Diabetes rückgängig.,2026-02-25 11:30:00+00:00,"(Bild: Halfpoint / Shutterstock.com)
Forscher programmierten das Immunsystem von Mäusen neu und machten damit selbst fortgeschrittenen Diabetes rückgängig.
Wer mit Typ-1-Diabetes lebt, kennt den Al… [+6347 chars]",,,,,,,,,,,,,,,,,2026
mindbodygreen.com,"Natural Light May Help Manage This Common Disease, Research Shows",https://www.mindbodygreen.com/wc/sarah-regan,Hint: It's not a food.,2026-03-07 12:08:00+00:00,"Over 37 million adults in the U.S. are living with diabetes, and that number is only expected to grow, making preventive approaches to managing blood sugar paramount for all of us.
Beyond the food w… [+2924 chars]",,,,,,,,,,,,,,,,,2026
mindbodygreen.com,"This Vitamin Majorly Reduces Dementia Risk (Per Research On 69,643 People)",https://www.mindbodygreen.com/wc/jenny-fant,Here are the easiest ways to ensure sufficient levels.,2026-03-10 10:07:00+00:00,"Over the past decade, scientific research has shed light on the importance of certain vitamins in maintaining and improving our overall health. One vitamin that's gained attention for its role in bra… [+4145 chars]",,,,,,,,,,,,,,,,,2026
Okdiario.com,"No envejecemos poco a poco: la ciencia descubre los dos momentos exactos de la vida en los que el cuerpo da un ""salto"" de edad",scruzcampillo,"¿Alguna vez has sentido que, de repente, tu cuerpo ya no responde igual o que tu aspecto ha cambiado en apenas unos meses? Un revolucionario estudio de la Universidad de Stanford revela que el envejecimiento biológico no es una rampa suave, sino una serie de …",2026-02-19 12:31:00+00:00,"Durante generaciones, hemos aceptado la idea de que envejecemos de manera lineal: un pequeño cambio cada día, una arruga nueva cada año. Sin embargo, la ciencia acaba de desmentir este dogma. Una inv… [+5640 chars]",,,,,,,,,,,,,,,,,2026
New Scientist,"Alzheimer’s may start with inflammation in the skin, lungs or gut",Alice Klein,The Alzheimer’s field is being turned on its head as mounting evidence points to the disease beginning outside the brain many years before symptoms start. This may mean we have to totally rethink how we approach preventing and treating the condition,2026-03-05 12:00:33+00:00,"Amyloid plaques in the brain are a defining feature of Alzheimer’s disease, but what if the roots of the condition start elsewhere in the body?
Alamy
Alzheimers disease has long been viewed as some… [+8052 chars]",,,,,,,,,,,,,,,,,2026
Yahoo Entertainment,O5 Adoption Leads to Bullish Views Around Insulet Corporation (PODD),Muhammad Ali Khalid,"Insulet Corporation (NASDAQ:PODD) is one of the 10 best healthcare equipment stocks to buy according to hedge funds. On February 4, Stifel lowered its price ...",2026-02-23 20:46:18+00:00,"Insulet Corporation (NASDAQ:PODD) is one of the 10 best healthcare equipment stocks to buy according to hedge funds.
On February 4, Stifel lowered its price target on Insulet Corporation (NASDAQ:POD… [+1849 chars]",,,,,,,,,,,,,,,,,2026
Terra.com.br,Ozempic mais barato? Veja o que muda com o fim da patente no Brasil,Bons Fluidos,Queda da patente do Ozempic e Wegovy promete redução de até 59% nos custos e abre caminho para tratamento gratuito de diabetes e obesidade pelo SUS,2026-03-16 23:39:32+00:00,"A hegemonia do Ozempic no Brasil está prestes a mudar radicalmente. Nesta sexta-feira (20), chega ao fim a patente da semaglutida, o princípio ativo por trás dos famosos medicamentos da Novo Nordisk … [+1227 chars]",,,,,,,,,,,,,,,,,2026
Lifesciencesworld.com,Can you reverse diabetes in dogs?,Noah Whitman,"Can You Reverse Diabetes in Dogs? Unveiling Hope and Realistic Expectations While a complete and permanent reversal of diabetes in dogs is rare, achieving diabetic remission through diligent management and specific interventions is indeed possible. This means…",2026-03-02 02:22:03+00:00,"While a complete and permanent reversal of diabetes in dogs is rare, achieving diabetic remission through diligent management and specific interventions is indeed possible. This means significant imp… [+8461 chars]",,,,,,,,,,,,,,,,,2026
mindbodygreen.com,"Eat This Nut Daily To Decrease Your Risk Of Cognitive Decline (No, Not Brazil Nuts)",https://www.mindbodygreen.com/wc/hailey-hudson,Walnuts hold health benefits from your head to your toes.,2026-02-21 11:12:00+00:00,How often do you eat walnuts? These unassuming brain-shaped nuts aren't always the most popularbut they hold a myriad of health benefits. A 1-ounce serving of walnuts can help boost your brain health… [+10568 chars],,,,,,,,,,,,,,,,,2026
Boredpanda.com,Fans Accuse Kelly Osbourne Of Buccal Fat Removal As Her Brit Awards Look Goes Viral,Rocio Corsi,"“Looks like it'd be painful to smile. Good Lord. Scary thin,"" wrote one user.",2026-02-28 23:58:09+00:00,"Kelly Osbourne has found herself under scrutiny once again following her noticeably slimmer and sharply sculpted frame at the 2026 BRIT Awards red carpet.
On February 28, the 41-year-old walked the … [+8085 chars]",,,,,,,,,,,,,,,,,2026
Okdiario.com,Qué ocurre cuando se abandonan los fármacos contra la obesidad: ¿hay un verdadero efecto rebote?,parrasergi,"Un estudio revela que, tras dejar medicamentos contra la obesidad, gran parte del peso perdido vuelve rápidamente… aunque una fracción podría mantenerse a largo plazo.",2026-03-05 14:00:00+00:00,"Creado:
5.03.2026 | 15:00
Actualizado:
5.03.2026 | 15:00
En los últimos años, los fármacos contra la obesidad han irrumpido en la medicina como una promesa de transformación metabólica. Medicamen… [+6754 chars]",,,,,,,,,,,,,,,,,2026
Naturalnews.com,Moving more could stop hundreds of thousands of diabetes crises before they start,Cassie B.,"A new study finds 10% of severe diabetes complications are directly linked to physical inactivity. Exercise is now a core treatment, not just a suggestion, for preventing diabetes-related health crises. Even light daily activity significantly lowers mortality…",2026-03-04 06:00:00+00:00,"<ul><li>A new study finds 10% of severe diabetes complications are directly linked to physical inactivity.</li><li>Exercise is now a core treatment, not just a suggestion, for preventing diabetes-rel… [+5582 chars]",,,,,,,,,,,,,,,,,2026
Habr.com,"6 800 замеров глюкозы у кошек с диабетом: что я узнал, создав платформу для мониторинга",teamfighter,"Привет, Хабр!Полгода назад я писал здесь, как за 5 дней с помощью Claude создал приложение для мониторинга диабета у своей кошки Манишки. Ей было 13 лет, она весила 3 кг, и каждый день я мерял ей сахар глюкометром и колол инсулин. Из блокнота на холодильнике …",2026-03-15 08:17:03+00:00,", !
  , 5 . 13 , 3 , . Excel, Python- , - Diabnostic.
- :   2025 , . : 5  346 ,  6 773   121 .
  (6 773 , 117 )  GitHub  . 
, .
: 
Diabnostic - (PWA), , , . (). .
 : 0.150 /, 0100 . . : (±1520… [+4892 chars]",,,,,,,,,,,,,,,,,2026
Yahoo Entertainment,Novo Nordisk A/S (NVO) and Vivtex Corporation Announce a Partnership,Noor Ul Ain Rehman,Novo Nordisk A/S (NYSE:NVO) is one of the best cheap blue chip stocks to buy according to analysts. Novo Nordisk A/S (NYSE:NVO) and Vivtex Corporation...,2026-02-28 07:21:42+00:00,Novo Nordisk A/S (NYSE:NVO) is one of the best cheap blue chip stocks to buy according to analysts. Novo Nordisk A/S (NYSE:NVO) and Vivtex Corporation announced on February 25 a partnership for the d… [+2289 chars],,,,,,,,,,,,,,,,,2026
El Mundo,Primera batalla de los 'Ozempic' en pastilla: el comprimido de Lilly logra mejores resultados que el de Novo Nordisk,Naiara Brocal,"La pastilla estadounidense, orforglipron, supera a la danesa, semaglutida, en el control de la hemoglobina glicosilada y el peso en pacientes con diabetes tipo 2 en el ensayo Achieve-3, publicado en 'The Lancet' Leer",2026-02-28 00:05:01+00:00,La pastilla antiobesidad de Lilly (orforglipron) gana a la de Novo Nordisk (semaglutida) en el primer cara a cara de la versión en comprimidos de los GLP-1. Los datos de un ensayo clínico fase III pu… [+3072 chars],,,,,,,,,,,,,,,,,2026
Abril.com.br,"Morre aos 58 anos Marcelo Pretto, integrante do grupo Barbatuques",Redação VEJA,Compositor e percussionista morreu em decorrência de agravamento de diabetes,2026-03-08 21:12:50+00:00,"Pular para o conteúdo
Oferta Relâmpago: VEJA por apenas 9,90Marcelo Pretto, do Barbatuques: cantor, compositor e pesquisador da música deixa legado artístico imenso (Barbatuques/Instagram/Reprodução… [+2662 chars]",,,,,,,,,,,,,,,,,2026
Scientific American,Head-to-head trial shows Eli Lilly’s oral GLP-1 orforglipron outperforms oral semaglutide,Lauren J. Young,"A new trial found that Eli Lilly’s GLP-1 pill resulted in greater reductions in blood sugar levels and weight than oral semaglutide did, but fewer people stayed on it",2026-02-26 21:50:00+00:00,"A clinical trial for diabetes that pit orforglipron, a diabetes and weight-loss pill developed by Eli Lilly, against oral semaglutide, made by Novo Nordisk, suggests the former pill may have the edge… [+5322 chars]",,,,,,,,,,,,,,,,,2026
MIT Technology Review,Peptides are everywhere. Here’s what you need to know.,Cassandra Willyard,"MIT Technology Review Explains: Let our writers untangle the complex, messy world of technology to help you understand what’s coming next. You can read more from the series here. Want to lose weight? Get shredded? Stay mentally sharp? A wellness influencer mi…",2026-02-23 18:52:40+00:00,"Matt Kaeberlein, a longevity researcher, first started hearing about peptides a few years ago. At that point it was mostly functional medicine doctors that were using peptides, he says, referring to … [+2215 chars]",,,,,,,,,,,,,,,,,2026
mindbodygreen.com,This Workout Is Proven To Boost The Efficiency Of Your Mitochondria,https://www.mindbodygreen.com/wc/sela-breen,It's surprisingly easy to enhance your energy on a cellular level.,2026-03-11 09:42:00+00:00,You probably know of high-intensity interval training (HIIT) as a workout that's great for your heart and endurance. But new research suggests HIIT is doing something even more impressive at the cell… [+3540 chars],,,,,,,,,,,,,,,,,2026
Naturalnews.com,Beyond loud snoring: The hidden health risks of sleep apnea and how to fight back,Willow Tohi,"Sleep apnea, affecting millions, is a serious disorder where breathing repeatedly stops during sleep, increasing risks for heart disease and diabetes. Symptoms extend beyond loud snoring and include chronic fatigue, morning headaches and mood changes like anx…",2026-02-21 06:00:00+00:00,"<ul><li>Sleep apnea, affecting millions, is a serious disorder where breathing repeatedly stops during sleep, increasing risks for heart disease and diabetes.</li><li>Symptoms extend beyond loud snor… [+5064 chars]",,,,,,,,,,,,,,,,,2026
Moby.co,"Tandem Diabetes Care, Inc. Q4 2025 Earnings Call Summary",Moby Intelligence,"Moby summary of Tandem Diabetes Care, Inc.'s Q4 2025 earnings call",2026-02-20 13:30:00+00:00,"<li>Surpassed $1 billion in annual sales in 2025, driven by record fourth-quarter pump shipments and double-digit growth in both U.S. and international markets.
</li><li>Management is fundamentally … [+1885 chars]",,,,,,,,,,,,,,,,,2026
Alltoc.com,What are the health concerns about GLP‑1 weight‑loss drugs? #health,AllToc,"Known risks, emerging signals, and regulatory responses A family of medicines known as GLP‑1 agonists, used to treat obesity and diabetes, has seen a surge in use and attention. Clinicians and regulators are now tracking a range of safety and societal issues …",2026-02-18 15:13:09+00:00,"A family of medicines known as GLP1 agonists, used to treat obesity and diabetes, has seen a surge in use and attention. Clinicians and regulators are now tracking a range of safety and societal issu… [+1874 chars]",,,,,,,,,,,,,,,,,2026
Www.abc.es,Córdoba acoge el gran congreso sobre diabetes: entre el Ozempic y el páncreas hecho por IA,(abc),"Bombas de insulina con sensores dirigidos por IA a modo de páncreas artificial o populares medicamentos como Ozempic, suponen la gran esperanza para que los enfermos con algún tipo de diabetes, ya sea tipo 1 o 2, puedan llevar una vida lo más normal posible, …",2026-02-21 11:33:48+00:00,"Bombas de insulina con sensores dirigidos por IA a modo de páncreas artificial o populares medicamentos como Ozempic, suponen la gran esperanza para que los enfermos con algún tipo de diabetes, ya se… [+3489 chars]",,,,,,,,,,,,,,,,,2026
Naturalnews.com,The science of smart snacking: Timing and quality matter for energy and health,Patrick Lewis,"Snack every 3-5 hours to stabilize blood sugar—mid-morning and afternoon snacks help regulate appetite, while late-night snacking disrupts metabolism and sleep. Choose nutrient-dense snacks (protein, fiber, healthy fats) like nuts, Greek yogurt or veggies wit…",2026-02-27 06:00:00+00:00,"<ul><li>Snack every 3-5 hours to stabilize blood sugarmid-morning and afternoon snacks help regulate appetite, while late-night snacking disrupts metabolism and sleep.</li><li>Choose nutrient-dense s… [+6241 chars]",,,,,,,,,,,,,,,,,2026
Science Daily,"Less sugar as a baby, fewer heart attacks as an adult",,"People whose sugar intake was restricted before birth and in early childhood had markedly lower rates of heart disease later in life. Compared to those never exposed to rationing, their risks of heart attack, stroke, heart failure, and cardiovascular death we…",2026-02-23 14:21:48+00:00,"Limiting sugar consumption during early childhood may reduce the risk of serious heart problems later in life. A study published in The BMJ, based on data from the end of sugar rationing in the Unite… [+3995 chars]",,,,,,,,,,,,,,,,,2026
Science Daily,"Parents’ stress may be quietly driving childhood obesity, Yale study finds",,"A Yale study found that lowering parent stress can help protect young children from obesity. When parents practiced mindfulness and stress-management skills, their kids showed healthier eating patterns and avoided the weight gain seen in families that only fo…",2026-03-09 00:28:48+00:00,"Childhood obesity has been increasing in recent years. According to the U.S. Centers for Disease Control, about one in five children and teenagers in the United States met the clinical definition of … [+5703 chars]",,,,,,,,,,,,,,,,,2026
Yahoo Entertainment,Medtronic to cut 81 employees at California diabetes site,,No description available.,2026-02-20 10:46:18+00:00,"If you click 'Accept all', we and our partners, including 245 who are part of the IAB Transparency &amp; Consent Framework, will also store and / or access information on a device (in other words, us… [+1046 chars]",,,,,,,,,,,,,,,,,2026
Nature.com,Daily briefing: How DNA testing can tell identical twins apart,Flora Graham,"Emerging forensic methods can differentiate between twin suspects in criminal cases. Plus, GLP-1 obesity drugs can help stave off addictions and scientists claim to have made a rare hexagonal diamond.",2026-03-05 00:00:00+00:00,"Hello Nature readers, would you like to get this Briefing in your inbox free every day? Sign up here.
Conventional DNA testing failed to distinguish between twin brothers during a French criminal tr… [+4981 chars]",,,,,,,,,,,,,,,,,2026
Die Zeit,Rat auf Basis etlicher Studien: Sechs Monate Stillen nun auch in Deutschland empfohlen,DIE ZEIT: News -,Hier finden Sie Informationen zu dem Thema „Rat auf Basis etlicher Studien“. Lesen Sie jetzt „Sechs Monate Stillen nun auch in Deutschland empfohlen“.,2026-02-20 11:00:06+00:00,Sechs Monate ausschließlich stillen diese Empfehlung der Weltgesundheitsorganisation (WHO) zur Ernährung von Babys gilt nun auch in Deutschland. «Reifgeborene Kinder sollten bis zum vollendeten sechs… [+6266 chars],,,,,,,,,,,,,,,,,2026
Twistedsifter.com,"Overworked Office Employee Kept Covering A Chronically Ill Coworker’s Missed Deadlines, So Her Job Turned Into A Two-Person Workload",Benjamin Cottrell,"If she refuses to take her job seriously, it's time for her to hang up the towel.",2026-02-28 18:47:49+00:00,"Pexels/Reddit
Fair accommodations are meant to level the playing field, not tilt it in one employees favor.
One worker grew fed up with a coworkers frequent absences and missed deadlines that alway… [+4022 chars]",,,,,,,,,,,,,,,,,2026
Olhardigital.com.br,Obesidade infantil deve superar desnutrição até 2027; veja riscos,Layse Ventura,"A prevalência de excesso de peso entre crianças e adolescentes está crescendo em um ritmo acelerado em todo o mundo. Segundo o mais recente Atlas da Federação Mundial de Obesidade (World Obesity Federation), citado pelo G1, a projeção é que, até 2027, o númer…",2026-03-04 23:22:08+00:00,"Siga o Olhar Digital no Google Discover
A prevalência de excesso de peso entre crianças e adolescentes está crescendo em um ritmo acelerado em todo o mundo. Segundo o mais recente Atlas da Federação… [+3460 chars]",,,,,,,,,,,,,,,,,2026
Naturalnews.com,USDA expands SNAP restrictions: Sugary drinks and candy banned in four more states,Patrick Lewis,"Kansas, Nevada, Ohio and Wyoming join Arkansas, Idaho and Utah in banning sugary drinks and candy from SNAP purchases under USDA-approved waivers, with Ohio targeting sugar-sweetened sodas and Wyoming prohibiting candy and sweetened carbonated beverages. The …",2026-03-06 06:00:00+00:00,"<ul><li>Kansas, Nevada, Ohio and Wyoming join Arkansas, Idaho and Utah in banning sugary drinks and candy from SNAP purchases under USDA-approved waivers, with Ohio targeting sugar-sweetened sodas an… [+6651 chars]",,,,,,,,,,,,,,,,,2026
Die Zeit,Vergleich abgelehnt: Emilys Tod auf Klassenfahrt: Gericht sieht Anspruch,DIE ZEIT: News -,Hier finden Sie Informationen zu dem Thema „Vergleich abgelehnt“. Lesen Sie jetzt „Emilys Tod auf Klassenfahrt: Gericht sieht Anspruch“.,2026-02-18 14:42:41+00:00,"Der Vater der 13-jährigen Emily, die auf einer Klassenfahrt nach London starb, hat Anspruch auf Schmerzensgeld. Das hat das Düsseldorfer Landgericht deutlich gemacht. 
Emilys Vater fordert vom Land … [+4004 chars]",,,,,,,,,,,,,,,,,2026
Naturalnews.com,"Avocados and mangoes: A simple, delicious defense against heart disease and diabetes",Patrick Lewis,"A study in the Journal of the American Heart Association found that eating one avocado + one cup of mango daily improved flow-mediated dilation (FMD) by 6.7%, enhancing arterial flexibility and reducing hypertension risk. Avocados provide heart-healthy monoun…",2026-03-16 06:00:00+00:00,"<ul><li>A study in the Journal of the American Heart Association found that eating one avocado + one cup of mango daily improved flow-mediated dilation (FMD) by 6.7%, enhancing arterial flexibility a… [+6013 chars]",,,,,,,,,,,,,,,,,2026
The Indian Express,Over 28.58 lakh patients visited OPD in 2025: 32 PGI depts demand 182 more posts of asst profs to provide better patient care,Parul,"A few weeks ago, the institute operationalised its Hospital Information System (HIS) at the PGI Satellite Centre in Sangrur to enhance efficiency, transparency and patient convenience: PGI Director",2026-02-23 03:40:17+00:00,"With a heavy influx of patients at the Post Graduate Institute of Medical Education &amp; Research in Chandigarh increasing over the past ten years, as many as 32 departments have demanded the creati… [+3858 chars]",,,,,,,,,,,,,,,,,2026
Android Authority,Garmin’s latest patent targets non-invasive glucose estimation,Kaitlyn Cimino,A newly surfaced Garmin patent echoes the push for brands to add non-invasive glucose tracking to future smartwatches.,2026-02-18 22:13:49+00:00,<ul><li>Garmin has filed a patent describing a method to estimate HbA1c using optical sensors built into its watches.</li><li>The approach would focus on long-term glucose trends rather than real-tim… [+2005 chars],,,,,,,,,,,,,,,,,2026
New Scientist,Why the sleep industry has got us worrying about the wrong things,New Scientist,"Many of us obsess over how much sleep we get each night, and the dangers to our health of not getting enough, but really, there is another way",2026-02-25 18:00:00+00:00,"aire images/Getty Images
For many of us, obsessing over how much sleep we get is a favourite pastime. Largely, that’s thanks to the emergence of the sleep industry, offering everything from wearable… [+1963 chars]",,,,,,,,,,,,,,,,,2026
Nature.com,Evolving epigenomics of immune cells at single-nucleus resolution in children en route to type 1 diabetes,"Tomi Pastinen, Elin Grundberg, Todd Bradley, Jarno Honkanen, Warren A. Cheung, Arja Vuorela, Jeffrey J. Johnston, Byunggil Yoo, Santosh Khanal, Rebecca McLennan, Jorma Ilonen, Outi Vaarala, Jeffrey P. Krischer, Mikael Knip","Islet autoimmunity in patients with Type 1 Diabetes (T1D) emerges months to years before clinical disease manifestation. However, the precise drivers of T1D remain elusive. Here, the authors leverage longitudinal samples collected within the context of the TR…",2026-02-25 00:00:00+00:00,"<li>Gregory, G. A. et al. Global incidence, prevalence, and mortality of type 1 diabetes in 2021 with projection to 2040: A modelling study. Lancet Diab Endocrinol.10, 741760 (2022).
Google Scholar … [+6269 chars]",,,,,,,,,,,,,,,,,2026
Vox,"The US slashed research for cancer, Alzheimer’s, mental health — and nearly everything else",Pratik Pawar,"Think about the disease that worries you most — the one that runs in your family. Or maybe someone you love is living with it. Whether that’s cancer, Alzheimer’s, diabetes, or depression, odds are the US government has been funding the research to treat it. T…",2026-03-12 22:29:11+00:00,"Think about the disease that worries you most the one that runs in your family. Or maybe someone you love is living with it. Whether thats cancer, Alzheimers, diabetes, or depression, odds are the US… [+7199 chars]",,,,,,,,,,,,,,,,,2026
Nature.com,Health effects linger 20 generations after rats are exposed to fungicide,Rachel Fieldhouse,Scientists say the findings are a warning about the kinds of chemical that people are exposed to in the environment.,2026-02-26 00:00:00+00:00,"Rats that had ancestors who had been exposed to a fungicide experienced health problems. Credit: Kseniia Glazkova/Alamy
Exposure to a fungicide induced changes to gene expression in rats that persis… [+3950 chars]",,,,,,,,,,,,,,,,,2026
Nature.com,Do obesity drugs treat addiction? Huge study hints at their promise,Mariana Lenharo,"Study of 600,000 US military veterans shows that those who took anti-obesity medications were less likely to develop some complications of substance-use disorders.",2026-03-05 00:00:00+00:00,"Injections that reduce weight and treat diabetes could also cut the risk of dying from substance-use disorders.Credit: Jill Connelly/Bloomberg/Getty
Blockbuster GLP-1 medications might help people t… [+2730 chars]",,,,,,,,,,,,,,,,,2026
Science Daily,"The more you fear aging, the faster your body may age",,"Worrying about getting older—especially fearing future health problems—may actually speed up aging at the cellular level, according to new research from NYU. In a study of more than 700 women, those who felt more anxious about aging showed signs of faster bio…",2026-02-26 13:14:43+00:00,"Feeling anxious about getting older, especially worrying about declining health, may do more than weigh on the mind. New research from NYU School of Global Public Health suggests that these fears cou… [+4237 chars]",,,,,,,,,,,,,,,,,2026
Scientific American,A silent immune attack on the kidneys afflicts many people. New treatments could make early diagnosis lifesaving,Charles Schmidt,"IgA nephropathy, an immune assault on the kidneys, is often missed. New treatments mean that spotting it sooner might save lives",2026-03-17 11:00:00+00:00,"This article is part of “Innovations In: Kidney Disease,” an editorially independent special report that was produced with financial support from Vertex.
The man in his 50s arrived at Ellie Kelepour… [+12838 chars]",,,,,,,,,,,,,,,,,2026
Futurity: Research News,Keto diet could improve response to exercise in people with high blood sugar,Matt Chittum - Virginia Tech,"Feeding mice with hyperglycemia a high-fat, low-carbohydrate diet lowered their blood sugar and improved their bodies’ response to exercise.",2026-02-28 19:28:08+00:00,"A new study finds that feeding mice with hyperglycemia a high-fat, low-carbohydrate diet lowered their blood sugar and improved their bodies’ response to exercise.
To be healthy, conventional wisdom… [+3570 chars]",,,,,,,,,,,,,,,,,2026
mindbodygreen.com,This Sneaky Vitamin Deficiency Ruins Sleep Quality (& 33% Of People Have It),https://www.facebook.com/DassaniDentistry,Here's how to get your levels to a good place for the sake of your Zs.,2026-02-28 11:45:00+00:00,"Sleep is an essential component of good health. Not only is it how your mind processes information from the day, but it's also necessary for cognitive function, emotional well-being, and physical str… [+3548 chars]",,,,,,,,,,,,,,,,,2026
Scientific American,Help yourself to stronger immunity,Josh Fischman,"Supplements, surprising treatments, immunity-boosting vaccines and even exercises can help the immune system do its job",2026-03-03 11:00:00+00:00,"You contain multitudes. Within you there are billions of defenders, ready to protect your health from threats arising both outside and inside your body. This is your immune system, and it consists of… [+3469 chars]",,,,,,,,,,,,,,,,,2026
Science Daily,Study finds vegetarians over 80 less likely to reach 100,,"Avoiding meat might slightly lower the odds of reaching 100 — but only for frail, underweight seniors. In very old age, staying strong and maintaining muscle matters more than long-term disease prevention. Older adults who included fish, eggs, or dairy were j…",2026-02-26 08:57:06+00:00,"A recent study suggests that older adults who avoid meat may be somewhat less likely to reach age 100 than those who eat it. However, the findings are more complex than they first appear and should n… [+4384 chars]",,,,,,,,,,,,,,,,,2026
tagesschau.de,Weltschlaftag: So wichtig ist guter Schlaf für die Gesundheit,tagesschau.de,"Wer dauerhaft schlecht schläft, riskiert krank zu werden. Wie man gut schläft und damit das Risiko für Erkrankungen wie Herzinfarkt, Demenz oder Diabetes senkt, erklärt Schlafmediziner Ingo Fietze im Interview.",2026-03-13 03:19:20+00:00,"Stand: 13.03.2026 04:19 Uhr
Wer dauerhaft schlecht schläft, riskiert krank zu werden. Wie man gut schläft und damit das Risiko für Erkrankungen wie Herzinfarkt, Demenz oder Diabetes senkt, erklärt S… [+6491 chars]",,,,,,,,,,,,,,,,,2026
NPR,GLP-1s have transformed weight loss and diabetes. Is addiction next?,Jon Hamilton,A large study found that people taking GLP-1 drugs like Ozempic for diabetes were less likely to be diagnosed with substance use disorder.,2026-03-10 10:00:00+00:00,"There's new evidence that GLP-1 drugs like Ozempic can reduce the risk of addiction.
A study of more than 600,000 veterans found that those who started taking a GLP-1 drug for diabetes were about 15… [+4452 chars]",,,,,,,,,,,,,,,,,2026
NPR,"When ICE came, Minneapolis created underground health networks. Should other cities?",Kate Wells,The Trump administration's immigration crackdown in Minneapolis forced some families into hiding and catalyzed informal medical networks to deliver critical health care services inside homes.,2026-03-05 10:00:00+00:00,"Gabi has big brown eyes, pigtails, and a genetic condition that makes her bones brittle. They fracture easily, leaving the 2-year-old in such pain that her mother quit her job cleaning offices to sta… [+12354 chars]",,,,,,,,,,,,,,,,,2026
Business Insider,I started smoking when I was a teen and quit 20 times. I still love the occasional cigarette.,Andrea Javor,"A woman reflects on decades of quitting and relapsing, the nostalgia tied to smoking, and why she's rethinking what it means to quit.",2026-02-22 14:53:01+00:00,"Andrea Javor started doing insulin shots in public.Photo credit: Lisa Kay Creative Photography
<ul><li>I let being a smoker define my rebellious personality as a teenager.</li><li>For 20 years, I qu… [+3926 chars]",,,,,,,,,,,,,,,,,2026
Yahoo Entertainment,Medtronic's diabetes unit MiniMed eyes $7.9 billion valuation in US IPO,,No description available.,2026-02-24 15:27:44+00:00,"If you click 'Accept all', we and our partners, including 245 who are part of the IAB Transparency &amp; Consent Framework, will also store and / or access information on a device (in other words, us… [+1046 chars]",,,,,,,,,,,,,,,,,2026
BBC News,I stay in a camper to be close to my injured son,,Jo Dunne's son Ethan Richardson needs constant care after suffering severe brain damage due to diabetes.,2026-03-01 07:13:38+00:00,"""He'll hold my hand, he tracks, he communicates and expresses an emotion through his eyes, facial movements,"" she said, ""so he'll smile, cry, screw his face up if not too happy about something.""",,,,,,,,,,,,,,,,,2026
Scientific American,Stand Up for Science protests spread to more than 50 cities,Dan Vergano,"Speakers at the Stand Up for Science rally in Washington, D.C., criticized the politicization of science and cuts to research that serves the public",2026-03-09 18:00:00+00:00,"WASHINGTON, D.C.—Scientists, advocates and lawmakers gathered in front of the U.S. Capitol Saturday for the second annual Stand Up for Science rally. Addressing the crowd, government scientists spoke… [+3877 chars]",,,,,,,,,,,,,,,,,2026
Olhardigital.com.br,"Substância de canetas emagrecedoras pode ajudar com vícios, diz estudo",Rodrigo Mozelli,"Medicamento pode atuar em várias frentes O post Substância de canetas emagrecedoras pode ajudar com vícios, diz estudo apareceu primeiro em Olhar Digital.",2026-03-06 18:47:56+00:00,"Siga o Olhar Digital no Google Discover
Pesquisadores da Washington University School of Medicine em St. Louis (EUA) realizaram um estudo que apontou que canetas utilizadas para controle do diabetes… [+3582 chars]",,,,,,,,,,,,,,,,,2026
mindbodygreen.com,Scientists Tracked 100k People — These 5 Longevity Diets All Share One Key Nutrient,https://www.mindbodygreen.com/wc/ava-durgin-writer,Five very different diets. One decade. One nutrient that kept rising to the top.,2026-02-21 10:00:00+00:00,"Most longevity research focuses on a single food or nutrient. But a new study1
published in Science Advances took a different approach entirely, examining entire patterns of eating across more than … [+5063 chars]",,,,,,,,,,,,,,,,,2026
Olhardigital.com.br,"Pílula que dispensa jejum é mais potente que semaglutida oral, diz estudo na Lancet",Pedro Spadoni,"Pesquisa comparou um novo GLP-1 oral experimental chamado orforgliprona com a semaglutida oral durante um ano; entenda resultados O post Pílula que dispensa jejum é mais potente que semaglutida oral, diz estudo na Lancet apareceu primeiro em Olhar Digital.",2026-02-26 18:34:13+00:00,"Siga o Olhar Digital no Google Discover
Um novo medicamento experimental chamado orforgliprona, da Eli Lilly, demonstrou resultados significativos para adultos que enfrentam a obesidade e o diabetes… [+2257 chars]",,,,,,,,,,,,,,,,,2026
Naturalnews.com,Deadly deficiency: What happens when your plate lacks color,Willow Tohi,"A diet devoid of fruits and vegetables leads to significant nutrient deficiencies, particularly in vitamins C and A, folate and potassium. Long-term avoidance increases the risk of serious chronic conditions, including heart disease, stroke, Type 2 diabetes a…",2026-02-26 06:00:00+00:00,"<ul><li>A diet devoid of fruits and vegetables leads to significant nutrient deficiencies, particularly in vitamins C and A, folate and potassium.</li><li>Long-term avoidance increases the risk of se… [+5800 chars]",,,,,,,,,,,,,,,,,2026
1pezeshk.com,۱۰ دانستنی شگفت‌انگیز درباره داروسازان مشهور که تاریخ را تغییر دادند,علیرضا مجیدی,دنیای مدرن کنونی ، مدیون تلاش‌های بی وقفه افرادی است که در آزمایشگاه‌های کوچک و داروخانه‌های قدیمی، ترکیباتی جادویی خلق کردند. داروسازان مشهور، تنها فروشندگان دارو نبودند؛ آن‌ها دانشمندانی جسور، مخترعانی نوآور و گاهی تاجرانی زیرک بودند که با کشفیات خود از مرگ…,2026-02-27 08:21:00+00:00,". . .
(Coca-Cola) (John Pemberton) . . (Carbonated Water) . . . (Patent Medicine) .
(Alexander Fleming) (Penicillin) (Antibiotics) . (Pharmacology) . . . . . .
(Friedrich Sertürner) (Morphine) . (… [+338 chars]",,,,,,,,,,,,,,,,,2026
Abril.com.br,Iniciativa vai ofertar tratamento com caneta contra obesidade em centros do SUS; entenda,Paula Felix,"Programa da Novo Nordisk e governo da Dinamarca prevê acesso equitativo a medicamento; Brasil, Ilhas do Pacífico e Dinamarca são primeiros beneficiados",2026-03-04 22:10:18+00:00,"Pular para o conteúdo
Mês do Consumidor: VEJA por apenas 9,90Programa: além de oferta de medicação, farmacêutica vai avaliar impactos em saúde, econômicos e sociais do tratamento (Illustration by Sc… [+3651 chars]",,,,,,,,,,,,,,,,,2026
RT,Científicos revelan la cantidad de té necesaria para protegerse de enfermedades crónicas,"RT en Español
 , RT en Español","Esta bebida, una de las más consumidas en el mundo, puede disminuir los marcadores de inflamación, que están detrás de afecciones como diabetes, artritis y problemas cardiovasculares.",2026-02-22 14:51:59+00:00,"El té es, después del agua, una de las bebidas más consumidas a nivel mundial. Especialistas destacan que su ingesta regular puede aportar múltiples beneficios para la salud, debido a sus efectos ant… [+1329 chars]",,,,,,,,,,,,,,,,,2026
Abril.com.br,Tratamento precoce e intensivo pode reescrever história do diabetes,Diogo Sponchiato,"Diretamente de um dos maiores congressos sobre tratamento do diabetes, especialista comenta estudo que ajuda a desenhar a melhor estratégia terapêutica",2026-03-13 15:00:11+00:00,"Pular para o conteúdo
Semana do consumidor: VEJA por apenas 9,90
Diretamente de um dos maiores congressos sobre tratamento do diabetes, especialista comenta estudo que ajuda a desenhar a melhor est… [+7466 chars]",,,,,,,,,,,,,,,,,2026
Metal Injection.net,DEFTONES Guitarist STEPHEN CARPENTER Opens Up About Type 2 Diabetes Struggles During Latest Album,Greg Kennelty,Stephen Carpenter reveals years of undiagnosed Type 2 Diabetes affected him physically and mentally while recording Deftones' private music. The post DEFTONES Guitarist STEPHEN CARPENTER Opens Up About Type 2 Diabetes Struggles During Latest Album appeared fi…,2026-03-06 14:30:40+00:00,"Stephen Carpenter, the guitarist of alternative metal pioneers Deftones, has spoken candidly about his battle with Type 2 Diabetes, a condition he unknowingly endured for several years before receivi… [+2339 chars]",,,,,,,,,,,,,,,,,2026
El Mundo,La duración a largo plazo de los fármacos antiobesidad: un año después de abandonar los 'ozempic' persisten sus efectos,Pilar Pérez,"Un estudio analiza cómo la recuperación de peso sigue un patrón predecible y desacelerado. Así, estos medicamentos permiten eliminar y conservar la pérdida de un 4-5% respecto al peso inicial del paciente, aunque se abandonen Leer",2026-03-04 23:30:00+00:00,"Desde hace más de tres años, ha quedado claro que los fármacos de la familia Ozempic han venido para quedarse, ya que han marcado un punto de inflexión necesario frente a la obesidad. El panorama del… [+5792 chars]",,,,,,,,,,,,,,,,,2026
Naturalnews.com,The hidden dangers of fruit juice: Why your “healthy” drink may be harming you,Evangelyn Rodriguez,"Despite marketing, fruit juice is as sugar-heavy as soda, lacking the fiber and nutrients of whole fruit. Drinking juice spikes blood sugar rapidly, contributing to obesity, diabetes, fatty liver disease and metabolic disorders. Commercial juices are pasteuri…",2026-02-19 06:00:00+00:00,"<ul><li>Despite marketing, fruit juice is as sugar-heavy as soda, lacking the fiber and nutrients of whole fruit.</li><li>Drinking juice spikes blood sugar rapidly, contributing to obesity, diabetes,… [+5639 chars]",,,,,,,,,,,,,,,,,2026
Science Daily,Ozempic-like weight loss drugs may help the heart recover after a heart attack,,"Popular weight-loss drugs such as Ozempic, Wegovy, and Mounjaro may do more than help people shed pounds. New research suggests these GLP-1 medications could also help protect the heart after a heart attack by restoring blood flow in tiny blood vessels that o…",2026-03-05 01:09:30+00:00,Medications designed to promote weight loss by mimicking GLP-1 may also help limit additional heart damage after a heart attack. A new study led by researchers at the University of Bristol and Univer… [+2813 chars],,,,,,,,,,,,,,,,,2026
The Atlantic,You Don’t Have to Snore,Gilad Edelman,"If you snore, there’s a good chance a cure is out there for you. Good luck finding it.",2026-03-15 11:00:00+00:00,"For the past few months, in pursuit of better sleep, I have been setting aside 15 minutes a day to lick my phone. This is as undignified as it sounds. But then, nothing about snoring, or the bewilder… [+14692 chars]",,,,,,,,,,,,,,,,,2026
Alltoc.com,Why are officials warning about GLP‑1 weight‑loss drugs? #health,AllToc,"Safety signals, marketing and strain on services Health authorities and child‑welfare officials have raised multiple concerns about the rapid rise in prescriptions and promotion of GLP‑1 receptor agonists — drugs developed to treat diabetes that are now widel…",2026-02-17 18:08:40+00:00,Health authorities and childwelfare officials have raised multiple concerns about the rapid rise in prescriptions and promotion of GLP1 receptor agonists drugs developed to treat diabetes that are no… [+1846 chars],,,,,,,,,,,,,,,,,2026
Lifesciencesworld.com,What animals get diabetes?,Ava Reynolds,"What Animals Get Diabetes? Diabetes, a condition characterized by elevated blood sugar, isn’t exclusive to humans. Many animals, particularly pets like dogs and cats, are susceptible to developing this complex metabolic disorder. Understanding Diabetes in Ani…",2026-03-12 02:18:22+00:00,"Diabetes, a condition characterized by elevated blood sugar, isn’t exclusive to humans. Many animals, particularly pets like dogs and cats, are susceptible to developing this complex metabolic disord… [+10763 chars]",,,,,,,,,,,,,,,,,2026
Nature.com,NIH pivots away from agency-directed science,Max Kozlov,"US biomedical funding behemoth says the approach will boost innovation, but some researchers worry that understudied areas of science will suffer.",2026-03-17 00:00:00+00:00,"The main campus of the US National Institutes of Health is located in Bethesda, Maryland.Credit: Michael Ventura/Alamy
A striking change in how the worlds largest biomedical funding agency solicits … [+4772 chars]",,,,,,,,,,,,,,,,,2026
Naturalnews.com,Coffee’s health boost: The antioxidants that make your daily cup a longevity elixir,Belle Carter,"Coffee contains hundreds of bioactive compounds, including chlorogenic acids, caffeic acid and ferulic acid, which neutralize harmful free radicals and reduce oxidative stress linked to aging and chronic diseases. Moderate coffee consumption (3–5 cups/day) is…",2026-02-19 06:00:00+00:00,"<ul><li>Coffee contains hundreds of bioactive compounds, including chlorogenic acids, caffeic acid and ferulic acid, which neutralize harmful free radicals and reduce oxidative stress linked to aging… [+4712 chars]",,,,,,,,,,,,,,,,,2026
TechRadar,Best science-based weight loss program for long-term results,"paulo.n.hatton@gmail.com (Paul Hatton) , Paul Hatton",Start a Weight Watchers program for as low as $10/month for 10 months and get the first month free,2026-03-05 14:28:18+00:00,"There are many reasons we might think about losing weight. It could be that you want to make health changes that are sustainable. Or, maybe you want to get back on track with your New Year's resoluti… [+1624 chars]",,,,,,,,,,,,,,,,,2026
Abcnews.com,Analysis of GLP-1 drugs suggests people who stopped using regained 60% of weight lost,Yi-Jin Yu,New research is taking a closer look at what can happen when people stop taking GLP-1 medications for a long period of time.,2026-03-05 23:10:08+00:00,"New research is taking a closer look at what can happen a year or more after people stop taking GLP-1 medications.
A new systematic review published in the journal eClinicalMedicine
 on Wednesday e… [+2392 chars]",,,,,,,,,,,,,,,,,2026
ABC News (AU),Daylesford crash inquest hears doctor has concerns for driver's memory,Laura Mayers,"The diabetes doctor of the driver responsible for a 2023 collision in the Victorian town of Daylesford, that killed five people, tells a coronial inquest that he is ""concerned"" for his patient's memory.",2026-03-11 02:24:39+00:00,"A diabetes specialist who treated William Herbert Swale, the man who crashed his car into a group of people in the central Victorian town of Daylesford in 2023, killing five, has told an inquiry Mr S… [+4393 chars]",,,,,,,,,,,,,,,,,2026
Scientific American,New drugs and treatments transform kidney care,Lauren Gravitz,A series of novel treatments and medical insights is helping chronic kidney disease patients,2026-03-17 10:00:00+00:00,"This article is part of “Innovations In: Kidney Disease,” an editorially independent special report that was produced with financial support from Vertex.
Although more than one in seven adults in th… [+2629 chars]",,,,,,,,,,,,,,,,,2026
Naturalnews.com,"The fry factor: New Harvard study exposes a crispy culprit in higher diabetes risk, exonerates the humble spud",Ava Grace,"A large 30-year Harvard study found eating three servings of French fries per week increased Type 2 diabetes risk by 20%, while non-fried potatoes (baked, boiled, mashed) showed no significant risk increase. Replacing French fries with whole grains (like brow…",2026-03-01 06:00:00+00:00,"<ul><li>A large 30-year Harvard study found eating three servings of French fries per week increased Type 2 diabetes risk by 20%, while non-fried potatoes (baked, boiled, mashed) showed no significan… [+6456 chars]",,,,,,,,,,,,,,,,,2026
Nature.com,Data from smart watches reveal early signs of insulin resistance,Christopher M. Hartshorn,Patterns in continuous data from wearable devices could reveal early metabolic dysfunction long before routine clinical tests detect it.,2026-03-16 00:00:00+00:00,"<ul><li>NEWS AND VIEWS</li><li>16 March 2026</li></ul>
Many chronic diseases unfold slowly as continuous biological processes, yet they are typically detected through brief clinical snapshots at ann… [+1113 chars]",,,,,,,,,,,,,,,,,2026
CHIP Online Deutschland,Farbe ist entscheidend: Diese Socken sollte man bei Diabetes tragen,Marie Müllmaier,"Socken wirken auf den ersten Blick wie ein Nebenthema. Für Menschen mit Diabetes sind sie jedoch Teil der Fußgesundheit. Denn wenn Nerven geschädigt sind oder die Durchblutung nachlässt, können schon kleine Druckstellen, Nähte oder feuchte Haut zum Problem we…",2026-03-16 13:55:00+00:00,"Wenn Sie Diabetes haben, sollten Sie Ihren Füßen besondere Aufmerksamkeit schenken. Der Grund: Diabetes kann Nerven schädigen und die Durchblutung beeinträchtigen. Dadurch werden Verletzungen an den … [+3216 chars]",,,,,,,,,,,,,,,,,2026
NPR,GLP-1s have transformed weight loss and diabetes. Is addiction next?,Jon Hamilton,A large study found that people taking GLP-1 drugs like Ozempic for diabetes were less likely to be diagnosed with substance use disorder.,2026-03-10 10:00:00+00:00,"There's new evidence that GLP-1 drugs like Ozempic can reduce the risk of addiction. A study of more than 600,000 veterans found that those who started taking a GLP-1 drug for diabetes were about 15% less likely to be diagnosed with a substance use disorder. [+4452 chars]",,,,,,,,,,,,,,,,,2026
WebMD,Mediterranean Diet Linked to Lower Risk of Heart Disease,Sarah Klein,New research confirms that adherence to the Mediterranean diet significantly reduces the risk of cardiovascular events in adults over 50.,2026-03-08 08:30:00+00:00,"Researchers followed more than 25,000 participants over a decade and found those who closely followed the Mediterranean diet had a 28% lower risk of heart disease. The diet emphasizes fruits, vegetables, whole grains, and healthy fats. [+3100 chars]",,,,,,,,,,,,,,,,,2026
Healthline,7 Science-Backed Benefits of Intermittent Fasting,Rachael Ajmera,"From weight loss to improved brain function, intermittent fasting has a growing body of evidence supporting its health benefits.",2026-03-05 12:00:00+00:00,"Intermittent fasting involves cycling between periods of eating and fasting. Studies show it can help reduce inflammation, lower blood sugar, and even extend lifespan in animal models. [+2800 chars]",,,,,,,,,,,,,,,,,2026
Mayo Clinic Staff,Mental Health and Exercise: What's the Connection?,Mayo Clinic,"Regular physical activity can ease symptoms of depression and anxiety, and experts now say it should be a standard part of mental health treatment.",2026-03-01 09:00:00+00:00,"Exercise releases endorphins, which naturally improve mood. A review of 49 clinical trials found that physical activity reduced depressive symptoms as effectively as antidepressants in mild to moderate cases. [+3500 chars]",,,,,,,,,,,,,,,,,2026
BBC Health,"Ultra-processed foods linked to early death, major study finds",James Gallagher,"People who eat large amounts of ultra-processed foods face a significantly higher risk of premature death, according to research spanning 20 countries.",2026-02-25 14:00:00+00:00,"The study, published in The Lancet, tracked dietary habits and mortality rates across 20 countries. Those in the highest quartile of ultra-processed food consumption had a 19% higher risk of all-cause mortality. [+4100 chars]",,,,,,,,,,,,,,,,,2026
Mayo Clinic,Mental Health and Exercise: What's the Connection?,Mayo Clinic Staff,"Regular physical activity can ease symptoms of depression and anxiety, and experts now say it should be a standard part of mental health treatment.",2026-03-01 09:00:00+00:00,"Exercise releases endorphins, which naturally improve mood. A review of 49 clinical trials found that physical activity reduced depressive symptoms as effectively as antidepressants in mild to moderate cases. [+3500 chars]",,,,,,,,,,,,,,,,,2026
